id,date,heure,ligne_id,arret_id,montees,descentes,occupation_bus,capacite_bus
1,2024-01-01,06:00,1,1,25,0,25,80
2,2024-01-01,06:00,1,25,8,2,31,80
3,2024-01-01,06:00,1,33,12,5,38,80
4,2024-01-01,06:00,1,42,6,8,36,80
5,2024-01-01,06:00,1,12,0,36,0,80
6,2024-01-01,06:20,1,1,18,0,18,80
7,2024-01-01,06:20,1,25,12,3,27,80
8,2024-01-01,06:20,1,33,15,4,38,80
9,2024-01-01,06:20,1,42,8,12,34,80
10,2024-01-01,06:20,1,12,0,34,0,80
11,2024-01-01,06:40,1,1,32,0,32,80
12,2024-01-01,06:40,1,25,14,6,40,80
13,2024-01-01,06:40,1,33,18,8,50,80
14,2024-01-01,06:40,1,42,10,15,45,80
15,2024-01-01,06:40,1,12,0,45,0,80
16,2024-01-01,07:00,1,1,45,0,45,80
17,2024-01-01,07:00,1,25,20,4,61,80
18,2024-01-01,07:00,1,33,22,12,71,80
19,2024-01-01,07:00,1,42,8,18,61,80
20,2024-01-01,07:00,1,12,0,61,0,80
21,2024-01-01,07:20,1,1,38,0,38,80
22,2024-01-01,07:20,1,25,16,5,49,80
23,2024-01-01,07:20,1,33,24,10,63,80
24,2024-01-01,07:20,1,42,12,22,53,80
25,2024-01-01,07:20,1,12,0,53,0,80
26,2024-01-01,07:40,1,1,52,0,52,80
27,2024-01-01,07:40,1,25,25,8,69,80
28,2024-01-01,07:40,1,33,15,18,66,80
29,2024-01-01,07:40,1,42,6,25,47,80
30,2024-01-01,07:40,1,12,0,47,0,80
31,2024-01-01,08:00,1,1,48,0,48,80
32,2024-01-01,08:00,1,25,22,6,64,80
33,2024-01-01,08:00,1,33,18,20,62,80
34,2024-01-01,08:00,1,42,8,28,42,80
35,2024-01-01,08:00,1,12,0,42,0,80
36,2024-01-01,08:20,1,1,35,0,35,80
37,2024-01-01,08:20,1,25,18,4,49,80
38,2024-01-01,08:20,1,33,20,15,54,80
39,2024-01-01,08:20,1,42,10,22,42,80
40,2024-01-01,08:20,1,12,0,42,0,80
41,2024-01-01,08:40,1,1,28,0,28,80
42,2024-01-01,08:40,1,25,15,3,40,80
43,2024-01-01,08:40,1,33,16,12,44,80
44,2024-01-01,08:40,1,42,8,18,34,80
45,2024-01-01,08:40,1,12,0,34,0,80
46,2024-01-01,09:00,1,1,22,0,22,80
47,2024-01-01,09:00,1,25,12,2,32,80
48,2024-01-01,09:00,1,33,14,8,38,80
49,2024-01-01,09:00,1,42,6,15,29,80
50,2024-01-01,09:00,1,12,0,29,0,80
51,2024-01-01,09:20,2,6,30,0,30,60
52,2024-01-01,09:20,2,26,8,3,35,60
53,2024-01-01,09:20,2,34,12,6,41,60
54,2024-01-01,09:20,2,43,5,8,38,60
55,2024-01-01,09:20,2,11,0,38,0,60
56,2024-01-01,09:35,2,6,25,0,25,60
57,2024-01-01,09:35,2,26,10,4,31,60
58,2024-01-01,09:35,2,34,15,7,39,60
59,2024-01-01,09:35,2,43,8,12,35,60
60,2024-01-01,09:35,2,11,0,35,0,60
61,2024-01-01,09:50,2,6,28,0,28,60
62,2024-01-01,09:50,2,26,12,5,35,60
63,2024-01-01,09:50,2,34,18,8,45,60
64,2024-01-01,09:50,2,43,6,15,36,60
65,2024-01-01,09:50,2,11,0,36,0,60
66,2024-01-01,10:05,2,6,22,0,22,60
67,2024-01-01,10:05,2,26,8,3,27,60
68,2024-01-01,10:05,2,34,14,6,35,60
69,2024-01-01,10:05,2,43,10,12,33,60
70,2024-01-01,10:05,2,11,0,33,0,60
71,2024-01-01,10:20,3,25,35,0,35,70
72,2024-01-01,10:20,3,31,10,4,41,70
73,2024-01-01,10:20,3,38,8,8,41,70
74,2024-01-01,10:20,3,46,6,12,35,70
75,2024-01-01,10:20,3,3,0,35,0,70
76,2024-01-01,10:50,3,25,28,0,28,70
77,2024-01-01,10:50,3,31,12,5,35,70
78,2024-01-01,10:50,3,38,10,10,35,70
79,2024-01-01,10:50,3,46,8,15,28,70
80,2024-01-01,10:50,3,3,0,28,0,70
81,2024-01-01,11:20,3,25,32,0,32,70
82,2024-01-01,11:20,3,31,15,6,41,70
83,2024-01-01,11:20,3,38,12,12,41,70
84,2024-01-01,11:20,3,46,10,18,33,70
85,2024-01-01,11:20,3,3,0,33,0,70
86,2024-01-01,11:50,4,4,20,0,20,50
87,2024-01-01,11:50,4,35,8,2,26,50
88,2024-01-01,11:50,4,27,12,5,33,50
89,2024-01-01,11:50,4,47,6,8,31,50
90,2024-01-01,11:50,4,13,0,31,0,50
91,2024-01-01,12:15,4,4,25,0,25,50
92,2024-01-01,12:15,4,35,10,3,32,50
93,2024-01-01,12:15,4,27,15,8,39,50
94,2024-01-01,12:15,4,47,8,12,35,50
95,2024-01-01,12:15,4,13,0,35,0,50
96,2024-01-01,12:40,4,4,22,0,22,50
97,2024-01-01,12:40,4,35,12,4,30,50
98,2024-01-01,12:40,4,27,18,10,38,50
99,2024-01-01,12:40,4,47,10,15,33,50
100,2024-01-01,12:40,4,13,0,33,0,50
101,2024-01-01,13:05,5,7,30,0,30,60
102,2024-01-01,13:05,5,32,12,3,39,60
103,2024-01-01,13:05,5,39,8,6,41,60
104,2024-01-01,13:05,5,48,5,10,36,60
105,2024-01-01,13:05,5,14,0,36,0,60
106,2024-01-01,13:25,5,7,25,0,25,60
107,2024-01-01,13:25,5,32,15,4,36,60
108,2024-01-01,13:25,5,39,10,8,38,60
109,2024-01-01,13:25,5,48,8,12,34,60
110,2024-01-01,13:25,5,14,0,34,0,60
111,2024-01-01,13:45,5,7,28,0,28,60
112,2024-01-01,13:45,5,32,18,5,41,60
113,2024-01-01,13:45,5,39,12,10,43,60
114,2024-01-01,13:45,5,48,6,15,34,60
115,2024-01-01,13:45,5,14,0,34,0,60
116,2024-01-01,14:05,6,1,40,0,40,80
117,2024-01-01,14:05,6,28,15,5,50,80
118,2024-01-01,14:05,6,41,12,8,54,80
119,2024-01-01,14:05,6,49,8,15,47,80
120,2024-01-01,14:05,6,15,0,47,0,80
121,2024-01-01,14:40,6,1,35,0,35,80
122,2024-01-01,14:40,6,28,18,6,47,80
123,2024-01-01,14:40,6,41,15,10,52,80
124,2024-01-01,14:40,6,49,10,18,44,80
125,2024-01-01,14:40,6,15,0,44,0,80
126,2024-01-01,15:15,6,1,38,0,38,80
127,2024-01-01,15:15,6,28,20,8,50,80
128,2024-01-01,15:15,6,41,18,12,56,80
129,2024-01-01,15:15,6,49,12,20,48,80
130,2024-01-01,15:15,6,15,0,48,0,80
131,2024-01-01,15:50,7,6,22,0,22,50
132,2024-01-01,15:50,7,26,8,2,28,50
133,2024-01-01,15:50,7,36,12,5,35,50
134,2024-01-01,15:50,7,44,10,8,37,50
135,2024-01-01,15:50,7,16,0,37,0,50
136,2024-01-01,16:20,7,6,26,0,26,50
137,2024-01-01,16:20,7,26,10,3,33,50
138,2024-01-01,16:20,7,36,15,7,41,50
139,2024-01-01,16:20,7,44,12,10,43,50
140,2024-01-01,16:20,7,16,0,43,0,50
141,2024-01-01,16:50,7,6,28,0,28,50
142,2024-01-01,16:50,7,26,12,4,36,50
143,2024-01-01,16:50,7,36,18,8,46,50
144,2024-01-01,16:50,7,44,15,12,49,50
145,2024-01-01,16:50,7,16,0,49,0,50
146,2024-01-01,17:20,8,2,35,0,35,60
147,2024-01-01,17:20,8,17,15,4,46,60
148,2024-01-01,17:20,8,29,18,8,56,60
149,2024-01-01,17:20,8,37,12,15,53,60
150,2024-01-01,17:20,8,50,8,22,39,60
151,2024-01-01,17:45,8,2,42,0,42,60
152,2024-01-01,17:45,8,17,20,6,56,60
153,2024-01-01,17:45,8,29,22,12,66,60
154,2024-01-01,17:45,8,37,15,20,61,60
155,2024-01-01,17:45,8,50,10,25,46,60
156,2024-01-01,18:10,8,2,38,0,38,60
157,2024-01-01,18:10,8,17,18,5,51,60
158,2024-01-01,18:10,8,29,25,10,66,60
159,2024-01-01,18:10,8,37,20,18,68,60
160,2024-01-01,18:10,8,50,12,30,50,60
161,2024-01-01,18:35,8,2,45,0,45,60
162,2024-01-01,18:35,8,17,25,8,62,60
163,2024-01-01,18:35,8,29,30,15,77,60
164,2024-01-01,18:35,8,37,25,25,77,60
165,2024-01-01,18:35,8,50,15,35,57,60
166,2024-01-01,19:00,9,3,30,0,30,70
167,2024-01-01,19:00,9,27,15,3,42,70
168,2024-01-01,19:00,9,34,20,8,54,70
169,2024-01-01,19:00,9,40,18,12,60,70
170,2024-01-01,19:00,9,45,12,25,47,70
171,2024-01-01,19:20,9,3,35,0,35,70
172,2024-01-01,19:20,9,27,18,4,49,70
173,2024-01-01,19:20,9,34,25,10,64,70
174,2024-01-01,19:20,9,40,22,15,71,70
175,2024-01-01,19:20,9,45,15,30,56,70
176,2024-01-01,19:40,9,3,32,0,32,70
177,2024-01-01,19:40,9,27,20,5,47,70
178,2024-01-01,19:40,9,34,28,12,63,70
179,2024-01-01,19:40,9,40,25,18,70,70
180,2024-01-01,19:40,9,45,18,32,56,70
181,2024-01-01,20:00,10,1,25,0,25,50
182,2024-01-01,20:00,10,30,10,2,33,50
183,2024-01-01,20:00,10,37,12,5,40,50
184,2024-01-01,20:00,10,42,8,10,38,50
185,2024-01-01,20:00,10,19,0,38,0,50
186,2024-01-01,20:40,10,1,22,0,22,50
187,2024-01-01,20:40,10,30,8,3,27,50
188,2024-01-01,20:40,10,37,15,6,36,50
189,2024-01-01,20:40,10,42,12,12,36,50
190,2024-01-01,20:40,10,19,0,36,0,50
191,2024-01-01,21:20,10,1,18,0,18,50
192,2024-01-01,21:20,10,30,6,2,22,50
193,2024-01-01,21:20,10,37,10,4,28,50
194,2024-01-01,21:20,10,42,8,8,28,50
195,2024-01-01,21:20,10,19,0,28,0,50
196,2024-01-02,06:00,1,1,28,0,28,80
197,2024-01-02,06:00,1,25,10,3,35,80
198,2024-01-02,06:00,1,33,15,6,44,80
199,2024-01-02,06:00,1,42,8,12,40,80
200,2024-01-02,06:00,1,12,0,40,0,80
201,2024-01-02,06:20,1,1,22,0,22,80
202,2024-01-02,06:20,1,25,12,4,30,80
203,2024-01-02,06:20,1,33,18,8,40,80
204,2024-01-02,06:20,1,42,10,15,35,80
205,2024-01-02,06:20,1,12,0,35,0,80
206,2024-01-02,06:40,1,1,35,0,35,80
207,2024-01-02,06:40,1,25,16,5,46,80
208,2024-01-02,06:40,1,33,20,10,56,80
209,2024-01-02,06:40,1,42,12,18,50,80
210,2024-01-02,06:40,1,12,0,50,0,80
211,2024-01-02,07:00,1,1,50,0,50,80
212,2024-01-02,07:00,1,25,25,6,69,80
213,2024-01-02,07:00,1,33,28,15,82,80
214,2024-01-02,07:00,1,42,15,25,72,80
215,2024-01-02,07:00,1,12,0,72,0,80
216,2024-01-02,07:20,1,1,45,0,45,80
217,2024-01-02,07:20,1,25,20,8,57,80
218,2024-01-02,07:20,1,33,22,18,61,80
219,2024-01-02,07:20,1,42,18,28,51,80
220,2024-01-02,07:20,1,12,0,51,0,80
221,2024-01-02,07:40,1,1,55,0,55,80
222,2024-01-02,07:40,1,25,28,10,73,80
223,2024-01-02,07:40,1,33,20,22,71,80
224,2024-01-02,07:40,1,42,12,35,48,80
225,2024-01-02,07:40,1,12,0,48,0,80
226,2024-01-02,08:00,1,1,52,0,52,80
227,2024-01-02,08:00,1,25,25,12,65,80
228,2024-01-02,08:00,1,33,18,25,58,80
229,2024-01-02,08:00,1,42,10,32,36,80
230,2024-01-02,08:00,1,12,0,36,0,80
231,2024-01-02,08:20,1,1,40,0,40,80
232,2024-01-02,08:20,1,25,22,8,54,80
233,2024-01-02,08:20,1,33,25,20,59,80
234,2024-01-02,08:20,1,42,15,28,46,80
235,2024-01-02,08:20,1,12,0,46,0,80
236,2024-01-02,08:40,1,1,32,0,32,80
237,2024-01-02,08:40,1,25,18,6,44,80
238,2024-01-02,08:40,1,33,20,15,49,80
239,2024-01-02,08:40,1,42,12,22,39,80
240,2024-01-02,08:40,1,12,0,39,0,80
241,2024-01-02,09:00,1,1,25,0,25,80
242,2024-01-02,09:00,1,25,15,4,36,80
243,2024-01-02,09:00,1,33,18,10,44,80
244,2024-01-02,09:00,1,42,8,18,34,80
245,2024-01-02,09:00,1,12,0,34,0,80
246,2024-01-02,09:20,2,6,32,0,32,60
247,2024-01-02,09:20,2,26,10,4,38,60
248,2024-01-02,09:20,2,34,15,8,45,60
249,2024-01-02,09:20,2,43,8,12,41,60
250,2024-01-02,09:20,2,11,0,41,0,60
251,2024-01-02,09:35,2,6,28,0,28,60
252,2024-01-02,09:35,2,26,12,5,35,60
253,2024-01-02,09:35,2,34,18,10,43,60
254,2024-01-02,09:35,2,43,10,15,38,60
255,2024-01-02,09:35,2,11,0,38,0,60
256,2024-01-02,17:00,1,1,58,0,58,80
257,2024-01-02,17:00,1,25,30,8,80,80
258,2024-01-02,17:00,1,33,25,20,85,80
259,2024-01-02,17:00,1,42,20,35,70,80
260,2024-01-02,17:00,1,12,0,70,0,80
261,2024-01-02,17:20,1,1,60,0,60,80
262,2024-01-02,17:20,1,25,35,10,85,80
263,2024-01-02,17:20,1,33,28,25,88,80
264,2024-01-02,17:20,1,42,22,40,70,80
265,2024-01-02,17:20,1,12,0,70,0,80
266,2024-01-02,17:40,1,1,55,0,55,80
267,2024-01-02,17:40,1,25,32,12,75,80
268,2024-01-02,17:40,1,33,30,28,77,80
269,2024-01-02,17:40,1,42,25,42,60,80
270,2024-01-02,17:40,1,12,0,60,0,80
271,2024-01-02,18:00,1,1,62,0,62,80
272,2024-01-02,18:00,1,25,38,15,85,80
273,2024-01-02,18:00,1,33,35,32,88,80
274,2024-01-02,18:00,1,42,28,48,68,80
275,2024-01-02,18:00,1,12,0,68,0,80
276,2024-01-02,18:20,1,1,50,0,50,80
277,2024-01-02,18:20,1,25,28,10,68,80
278,2024-01-02,18:20,1,33,32,25,75,80
279,2024-01-02,18:20,1,42,25,38,62,80
280,2024-01-02,18:20,1,12,0,62,0,80
281,2024-01-02,18:40,1,1,45,0,45,80
282,2024-01-02,18:40,1,25,25,8,62,80
283,2024-01-02,18:40,1,33,28,22,68,80
284,2024-01-02,18:40,1,42,20,35,53,80
285,2024-01-02,18:40,1,12,0,53,0,80
286,2024-01-02,19:00,1,1,38,0,38,80
287,2024-01-02,19:00,1,25,22,6,54,80
288,2024-01-02,19:00,1,33,25,18,61,80
289,2024-01-02,19:00,1,42,18,28,51,80
290,2024-01-02,19:00,1,12,0,51,0,80
291,2024-01-02,19:20,1,1,32,0,32,80
292,2024-01-02,19:20,1,25,18,5,45,80
293,2024-01-02,19:20,1,33,20,15,50,80
294,2024-01-02,19:20,1,42,15,25,40,80
295,2024-01-02,19:20,1,12,0,40,0,80
296,2024-01-03,06:00,2,6,35,0,35,60
297,2024-01-03,06:00,2,26,12,4,43,60
298,2024-01-03,06:00,2,34,18,8,53,60
299,2024-01-03,06:00,2,43,10,15,48,60
300,2024-01-03,06:00,2,11,0,48,0,60
301,2024-01-03,06:15,2,6,28,0,28,60
302,2024-01-03,06:15,2,26,15,5,38,60
303,2024-01-03,06:15,2,34,22,10,50,60
304,2024-01-03,06:15,2,43,12,18,44,60
305,2024-01-03,06:15,2,11,0,44,0,60
306,2024-01-03,06:30,2,6,42,0,42,60
307,2024-01-03,06:30,2,26,20,6,56,60
308,2024-01-03,06:30,2,34,25,15,66,60
309,2024-01-03,06:30,2,43,15,22,59,60
310,2024-01-03,06:30,2,11,0,59,0,60
311,2024-01-03,06:45,2,6,38,0,38,60
312,2024-01-03,06:45,2,26,18,8,48,60
313,2024-01-03,06:45,2,34,28,18,58,60
314,2024-01-03,06:45,2,43,18,25,51,60
315,2024-01-03,06:45,2,11,0,51,0,60
316,2024-01-03,07:00,2,6,45,0,45,60
317,2024-01-03,07:00,2,26,25,10,60,60
318,2024-01-03,07:00,2,34,32,22,70,60
319,2024-01-03,07:00,2,43,22,30,62,60
320,2024-01-03,07:00,2,11,0,62,0,60
321,2024-01-03,17:00,3,25,40,0,40,70
322,2024-01-03,17:00,3,31,18,5,53,70
323,2024-01-03,17:00,3,38,22,12,63,70
324,2024-01-03,17:00,3,46,15,20,58,70
325,2024-01-03,17:00,3,3,0,58,0,70
326,2024-01-03,17:30,3,25,45,0,45,70
327,2024-01-03,17:30,3,31,25,8,62,70
328,2024-01-03,17:30,3,38,28,15,75,70
329,2024-01-03,17:30,3,46,20,25,70,70
330,2024-01-03,17:30,3,3,0,70,0,70
331,2024-01-03,18:00,3,25,38,0,38,70
332,2024-01-03,18:00,3,31,22,6,54,70
333,2024-01-03,18:00,3,38,30,18,66,70
334,2024-01-03,18:00,3,46,25,28,63,70
335,2024-01-03,18:00,3,3,0,63,0,70
336,2024-01-03,18:30,3,25,42,0,42,70
337,2024-01-03,18:30,3,31,28,10,60,70
338,2024-01-03,18:30,3,38,35,22,73,70
339,2024-01-03,18:30,3,46,30,32,71,70
340,2024-01-03,18:30,3,3,0,71,0,70
341,2024-01-03,19:00,3,25,35,0,35,70
342,2024-01-03,19:00,3,31,20,8,47,70
343,2024-01-03,19:00,3,38,25,15,57,70
344,2024-01-03,19:00,3,46,22,25,54,70
345,2024-01-03,19:00,3,3,0,54,0,70
346,2024-01-04,06:00,4,4,28,0,28,50
347,2024-01-04,06:00,4,35,12,3,37,50
348,2024-01-04,06:00,4,27,18,8,47,50
349,2024-01-04,06:00,4,47,10,15,42,50
350,2024-01-04,06:00,4,13,0,42,0,50
351,2024-01-04,06:25,4,4,32,0,32,50
352,2024-01-04,06:25,4,35,15,4,43,50
353,2024-01-04,06:25,4,27,22,10,55,50
354,2024-01-04,06:25,4,47,12,18,49,50
355,2024-01-04,06:25,4,13,0,49,0,50
356,2024-01-04,06:50,4,4,25,0,25,50
357,2024-01-04,06:50,4,35,10,3,32,50
358,2024-01-04,06:50,4,27,15,8,39,50
359,2024-01-04,06:50,4,47,8,12,35,50
360,2024-01-04,06:50,4,13,0,35,0,50
361,2024-01-04,07:15,4,4,30,0,30,50
362,2024-01-04,07:15,4,35,18,5,43,50
363,2024-01-04,07:15,4,27,25,12,56,50
364,2024-01-04,07:15,4,47,15,20,51,50
365,2024-01-04,07:15,4,13,0,51,0,50
366,2024-01-04,17:00,5,7,35,0,35,60
367,2024-01-04,17:00,5,32,18,4,49,60
368,2024-01-04,17:00,5,39,22,10,61,60
369,2024-01-04,17:00,5,48,15,18,58,60
370,2024-01-04,17:00,5,14,0,58,0,60
371,2024-01-04,17:20,5,7,40,0,40,60
372,2024-01-04,17:20,5,32,25,6,59,60
373,2024-01-04,17:20,5,39,30,15,74,60
374,2024-01-04,17:20,5,48,20,25,69,60
375,2024-01-04,17:20,5,14,0,69,0,60
376,2024-01-04,17:40,5,7,32,0,32,60
377,2024-01-04,17:40,5,32,20,5,47,60
378,2024-01-04,17:40,5,39,25,12,60,60
379,2024-01-04,17:40,5,48,18,22,56,60
380,2024-01-04,17:40,5,14,0,56,0,60
381,2024-01-04,18:00,5,7,38,0,38,60
382,2024-01-04,18:00,5,32,28,8,58,60
383,2024-01-04,18:00,5,39,35,18,75,60
384,2024-01-04,18:00,5,48,25,28,72,60
385,2024-01-04,18:00,5,14,0,72,0,60
386,2024-01-04,18:20,5,7,30,0,30,60
387,2024-01-04,18:20,5,32,22,6,46,60
388,2024-01-04,18:20,5,39,28,15,59,60
389,2024-01-04,18:20,5,48,20,25,54,60
390,2024-01-04,18:20,5,14,0,54,0,60
391,2024-01-05,6:00,10,1,38,0,38,50
392,2024-01-05,6:00,10,30,12,20,30,50
393,2024-01-05,6:00,10,37,18,14,34,50
394,2024-01-05,6:00,10,42,16,5,45,50
395,2024-01-05,6:00,10,19,0,45,0,50
396,2024-01-05,6:00,6,1,54,0,54,80
397,2024-01-05,6:00,6,28,18,4,68,80
398,2024-01-05,6:00,6,41,11,16,63,80
399,2024-01-05,6:00,6,49,17,16,64,80
400,2024-01-05,6:00,6,15,0,64,0,80
401,2024-01-05,6:20,8,2,58,0,58,60
402,2024-01-05,6:20,8,17,2,9,51,60
403,2024-01-05,6:20,8,29,9,9,51,60
404,2024-01-05,6:20,8,37,9,18,42,60
405,2024-01-05,6:20,8,50,0,42,0,60
406,2024-01-05,6:20,7,6,50,0,50,50
407,2024-01-05,6:20,7,26,0,9,41,50
408,2024-01-05,6:20,7,36,9,14,36,50
409,2024-01-05,6:20,7,44,14,5,45,50
410,2024-01-05,6:20,7,16,0,45,0,50
411,2024-01-05,6:40,13,9,34,0,34,50
412,2024-01-05,6:40,13,21,16,9,41,50
413,2024-01-05,6:40,13,33,9,20,30,50
414,2024-01-05,6:40,13,44,20,16,34,50
415,2024-01-05,6:40,13,22,0,34,0,50
416,2024-01-05,6:40,15,11,40,0,40,50
417,2024-01-05,6:40,15,22,10,7,43,50
418,2024-01-05,6:40,15,39,7,9,41,50
419,2024-01-05,6:40,15,46,9,16,34,50
420,2024-01-05,6:40,15,21,0,34,0,50
421,2024-01-05,7:00,2,6,43,0,43,60
422,2024-01-05,7:00,2,26,17,22,38,60
423,2024-01-05,7:00,2,34,22,11,49,60
424,2024-01-05,7:00,2,43,11,14,46,60
425,2024-01-05,7:00,2,11,0,46,0,60
426,2024-01-05,7:00,11,5,40,0,40,50
427,2024-01-05,7:00,11,23,10,16,34,50
428,2024-01-05,7:00,11,35,16,9,41,50
429,2024-01-05,7:00,11,41,9,20,30,50
430,2024-01-05,7:00,11,18,0,30,0,50
431,2024-01-05,7:00,2,6,43,0,43,60
432,2024-01-05,7:00,2,26,11,11,43,60
433,2024-01-05,7:00,2,34,9,18,34,60
434,2024-01-05,7:00,2,43,26,7,53,60
435,2024-01-05,7:00,2,11,0,53,0,60
436,2024-01-05,7:00,10,1,36,0,36,50
437,2024-01-05,7:00,10,30,14,9,41,50
438,2024-01-05,7:00,10,37,9,16,34,50
439,2024-01-05,7:00,10,42,16,7,43,50
440,2024-01-05,7:00,10,19,0,43,0,50
441,2024-01-05,7:00,15,11,50,0,50,50
442,2024-01-05,7:00,15,22,0,4,46,50
443,2024-01-05,7:00,15,39,4,20,30,50
444,2024-01-05,7:00,15,46,20,16,34,50
445,2024-01-05,7:00,15,21,0,34,0,50
446,2024-01-05,7:20,13,9,40,0,40,50
447,2024-01-05,7:20,13,21,10,9,41,50
448,2024-01-05,7:20,13,33,9,9,41,50
449,2024-01-05,7:20,13,44,9,14,36,50
450,2024-01-05,7:20,13,22,0,36,0,50
451,2024-01-05,7:20,14,10,38,0,38,50
452,2024-01-05,7:20,14,29,12,7,43,50
453,2024-01-05,7:20,14,38,7,9,41,50
454,2024-01-05,7:20,14,45,9,16,34,50
455,2024-01-05,7:20,14,17,0,34,0,50
456,2024-01-05,7:20,10,1,41,0,41,50
457,2024-01-05,7:20,10,30,9,5,45,50
458,2024-01-05,7:20,10,37,5,5,45,50
459,2024-01-05,7:20,10,42,5,7,43,50
460,2024-01-05,7:20,10,19,0,43,0,50
461,2024-01-05,7:20,5,7,59,0,59,60
462,2024-01-05,7:20,5,32,1,11,49,60
463,2024-01-05,7:20,5,39,11,11,49,60
464,2024-01-05,7:20,5,48,11,16,44,60
465,2024-01-05,7:20,5,14,0,44,0,60
466,2024-01-05,7:40,2,6,34,0,34,60
467,2024-01-05,7:40,2,26,13,14,33,60
468,2024-01-05,7:40,2,34,14,5,42,60
469,2024-01-05,7:40,2,43,18,4,56,60
470,2024-01-05,7:40,2,11,0,56,0,60
471,2024-01-05,7:40,8,2,43,0,43,60
472,2024-01-05,7:40,8,17,9,18,34,60
473,2024-01-05,7:40,8,29,22,4,52,60
474,2024-01-05,7:40,8,37,8,7,53,60
475,2024-01-05,7:40,8,50,0,53,0,60
476,2024-01-05,7:40,8,2,45,0,45,60
477,2024-01-05,7:40,8,17,15,22,38,60
478,2024-01-05,7:40,8,29,22,5,55,60
479,2024-01-05,7:40,8,37,5,22,38,60
480,2024-01-05,7:40,8,50,0,38,0,60
481,2024-01-05,7:40,6,1,54,0,54,80
482,2024-01-05,7:40,6,28,26,9,71,80
483,2024-01-05,7:40,6,41,9,16,64,80
484,2024-01-05,7:40,6,49,16,5,75,80
485,2024-01-05,7:40,6,15,0,75,0,80
486,2024-01-05,7:40,15,11,31,0,31,50
487,2024-01-05,7:40,15,22,19,16,34,50
488,2024-01-05,7:40,15,39,16,16,34,50
489,2024-01-05,7:40,15,46,16,5,45,50
490,2024-01-05,7:40,15,21,0,45,0,50
491,2024-01-05,8:00,9,3,32,0,32,80
492,2024-01-05,8:00,9,27,9,13,28,80
493,2024-01-05,8:00,9,34,18,16,30,80
494,2024-01-05,8:00,9,40,11,7,34,80
495,2024-01-05,8:00,9,45,0,34,0,80
496,2024-01-05,8:00,8,2,60,0,60,60
497,2024-01-05,8:00,8,17,0,18,42,60
498,2024-01-05,8:00,8,29,18,16,44,60
499,2024-01-05,8:00,8,37,16,13,47,60
500,2024-01-05,8:00,8,50,0,47,0,60
501,2024-01-05,8:20,12,8,50,0,50,50
502,2024-01-05,8:20,12,24,0,14,36,50
503,2024-01-05,8:20,12,36,14,11,39,50
504,2024-01-05,8:20,12,43,11,13,37,50
505,2024-01-05,8:20,12,20,0,37,0,50
506,2024-01-05,8:20,12,8,41,0,41,50
507,2024-01-05,8:20,12,24,9,18,32,50
508,2024-01-05,8:20,12,36,18,13,37,50
509,2024-01-05,8:20,12,43,13,4,46,50
510,2024-01-05,8:20,12,20,0,46,0,50
511,2024-01-05,8:20,1,1,31,0,31,80
512,2024-01-05,8:20,1,25,34,16,49,80
513,2024-01-05,8:20,1,33,22,20,51,80
514,2024-01-05,8:20,1,42,14,11,54,80
515,2024-01-05,8:20,1,12,0,54,0,80
516,2024-01-05,8:20,6,1,56,0,56,80
517,2024-01-05,8:20,6,28,9,11,54,80
518,2024-01-05,8:20,6,41,23,18,59,80
519,2024-01-05,8:20,6,49,11,14,56,80
520,2024-01-05,8:20,6,15,0,56,0,80
521,2024-01-05,8:40,4,4,50,0,50,50
522,2024-01-05,8:40,4,35,0,16,34,50
523,2024-01-05,8:40,4,27,11,5,40,50
524,2024-01-05,8:40,4,47,10,20,30,50
525,2024-01-05,8:40,4,13,0,30,0,50
526,2024-01-05,8:40,10,1,27,0,27,50
527,2024-01-05,8:40,10,30,18,14,31,50
528,2024-01-05,8:40,10,37,19,5,45,50
529,2024-01-05,8:40,10,42,5,7,43,50
530,2024-01-05,8:40,10,19,0,43,0,50
531,2024-01-05,9:00,10,1,40,0,40,50
532,2024-01-05,9:00,10,30,10,5,45,50
533,2024-01-05,9:00,10,37,5,22,28,50
534,2024-01-05,9:00,10,42,22,14,36,50
535,2024-01-05,9:00,10,19,0,36,0,50
536,2024-01-05,9:00,1,1,47,0,47,80
537,2024-01-05,9:00,1,25,33,5,75,80
538,2024-01-05,9:00,1,33,5,18,62,80
539,2024-01-05,9:00,1,42,18,5,75,80
540,2024-01-05,9:00,1,12,0,75,0,80
541,2024-01-05,9:00,14,10,50,0,50,50
542,2024-01-05,9:00,14,29,0,14,36,50
543,2024-01-05,9:00,14,38,14,14,36,50
544,2024-01-05,9:00,14,45,14,11,39,50
545,2024-01-05,9:00,14,17,0,39,0,50
546,2024-01-05,9:00,12,8,50,0,50,50
547,2024-01-05,9:00,12,24,0,9,41,50
548,2024-01-05,9:00,12,36,9,11,39,50
549,2024-01-05,9:00,12,43,9,14,34,50
550,2024-01-05,9:00,12,20,0,34,0,50
551,2024-01-05,9:00,1,1,63,0,63,80
552,2024-01-05,9:00,1,25,17,11,69,80
553,2024-01-05,9:00,1,33,11,9,71,80
554,2024-01-05,9:00,1,42,9,20,60,80
555,2024-01-05,9:00,1,12,0,60,0,80
556,2024-01-05,9:40,14,10,50,0,50,50
557,2024-01-05,9:40,14,29,0,9,41,50
558,2024-01-05,9:40,14,38,9,7,43,50
559,2024-01-05,9:40,14,45,7,20,30,50
560,2024-01-05,9:40,14,17,0,30,0,50
561,2024-01-05,9:40,5,7,60,0,60,60
562,2024-01-05,9:40,5,32,0,20,40,60
563,2024-01-05,9:40,5,39,20,22,38,60
564,2024-01-05,9:40,5,48,22,16,44,60
565,2024-01-05,9:40,5,14,0,44,0,60
566,2024-01-05,9:40,13,9,49,0,49,50
567,2024-01-05,9:40,13,21,1,4,46,50
568,2024-01-05,9:40,13,33,4,20,30,50
569,2024-01-05,9:40,13,44,20,22,28,50
570,2024-01-05,9:40,13,22,0,28,0,50
571,2024-01-05,10:15,15,11,29,0,29,50
572,2024-01-05,10:15,15,22,11,4,36,50
573,2024-01-05,10:15,15,39,6,11,31,50
574,2024-01-05,10:15,15,46,8,6,33,50
575,2024-01-05,10:15,15,21,0,33,0,50
576,2024-01-05,10:15,5,7,18,0,18,60
577,2024-01-05,10:15,5,32,12,5,25,60
578,2024-01-05,10:15,5,39,16,3,38,60
579,2024-01-05,10:15,5,48,19,11,46,60
580,2024-01-05,10:15,5,14,0,46,0,60
581,2024-01-05,10:15,8,2,24,0,24,60
582,2024-01-05,10:15,8,17,15,2,37,60
583,2024-01-05,10:15,8,29,17,8,46,60
584,2024-01-05,10:15,8,37,6,4,48,60
585,2024-01-05,10:15,8,50,0,48,0,60
586,2024-01-05,10:50,6,1,24,0,24,80
587,2024-01-05,10:50,6,28,6,5,25,80
588,2024-01-05,10:50,6,41,7,6,26,80
589,2024-01-05,10:50,6,49,10,3,33,80
590,2024-01-05,10:50,6,15,0,33,0,80
591,2024-01-05,10:50,15,11,30,0,30,50
592,2024-01-05,10:50,15,22,19,4,45,50
593,2024-01-05,10:50,15,39,5,10,40,50
594,2024-01-05,10:50,15,46,9,5,44,50
595,2024-01-05,10:50,15,21,0,44,0,50
596,2024-01-05,11:30,15,11,26,0,26,50
597,2024-01-05,11:30,15,22,11,4,33,50
598,2024-01-05,11:30,15,39,11,7,37,50
599,2024-01-05,11:30,15,46,13,5,45,50
600,2024-01-05,11:30,15,21,0,45,0,50
601,2024-01-05,11:30,13,9,35,0,35,50
602,2024-01-05,11:30,13,21,15,6,44,50
603,2024-01-05,11:30,13,33,6,11,39,50
604,2024-01-05,11:30,13,44,11,7,43,50
605,2024-01-05,11:30,13,22,0,43,0,50
606,2024-01-05,11:30,5,7,28,0,28,60
607,2024-01-05,11:30,5,32,13,10,31,60
608,2024-01-05,11:30,5,39,11,3,39,60
609,2024-01-05,11:30,5,48,9,3,45,60
610,2024-01-05,11:30,5,14,0,45,0,60
611,2024-01-05,11:30,1,1,20,0,20,80
612,2024-01-05,11:30,1,25,19,12,27,80
613,2024-01-05,11:30,1,33,17,6,38,80
614,2024-01-05,11:30,1,42,14,2,50,80
615,2024-01-05,11:30,1,12,0,50,0,80
616,2024-01-05,11:30,4,4,34,0,34,50
617,2024-01-05,11:30,4,35,8,5,37,50
618,2024-01-05,11:30,4,27,13,8,42,50
619,2024-01-05,11:30,4,47,8,8,42,50
620,2024-01-05,11:30,4,13,0,42,0,50
621,2024-01-05,12:10,12,8,30,0,30,50
622,2024-01-05,12:10,12,24,5,12,23,50
623,2024-01-05,12:10,12,36,12,2,33,50
624,2024-01-05,12:10,12,43,12,9,36,50
625,2024-01-05,12:10,12,20,0,36,0,50
626,2024-01-05,12:10,7,6,30,0,30,50
627,2024-01-05,12:10,7,26,11,3,38,50
628,2024-01-05,12:10,7,36,5,4,39,50
629,2024-01-05,12:10,7,44,11,9,41,50
630,2024-01-05,12:10,7,16,0,41,0,50
631,2024-01-05,12:10,11,5,25,0,25,50
632,2024-01-05,12:10,11,23,19,9,35,50
633,2024-01-05,12:10,11,35,9,4,40,50
634,2024-01-05,12:10,11,41,10,4,46,50
635,2024-01-05,12:10,11,18,0,46,0,50
636,2024-01-05,12:10,6,1,17,0,17,80
637,2024-01-05,12:10,6,28,12,6,23,80
638,2024-01-05,12:10,6,41,18,6,35,80
639,2024-01-05,12:10,6,49,20,3,52,80
640,2024-01-05,12:10,6,15,0,52,0,80
641,2024-01-05,12:10,4,4,29,0,29,50
642,2024-01-05,12:10,4,35,13,6,36,50
643,2024-01-05,12:10,4,27,7,4,39,50
644,2024-01-05,12:10,4,47,11,12,38,50
645,2024-01-05,12:10,4,13,0,38,0,50
646,2024-01-05,12:40,14,10,25,0,25,50
647,2024-01-05,12:40,14,29,11,4,32,50
648,2024-01-05,12:40,14,38,12,2,42,50
649,2024-01-05,12:40,14,45,8,4,46,50
650,2024-01-05,12:40,14,17,0,46,0,50
651,2024-01-05,12:40,2,6,35,0,35,60
652,2024-01-05,12:40,2,26,6,9,32,60
653,2024-01-05,12:40,2,34,17,11,38,60
654,2024-01-05,12:40,2,43,6,2,42,60
655,2024-01-05,12:40,2,11,0,42,0,60
656,2024-01-05,12:40,2,6,18,0,18,60
657,2024-01-05,12:40,2,26,17,5,30,60
658,2024-01-05,12:40,2,34,19,4,45,60
659,2024-01-05,12:40,2,43,15,8,52,60
660,2024-01-05,12:40,2,11,0,52,0,60
661,2024-01-05,12:40,12,8,25,0,25,50
662,2024-01-05,12:40,12,24,6,12,19,50
663,2024-01-05,12:40,12,36,11,10,20,50
664,2024-01-05,12:40,12,43,7,2,25,50
665,2024-01-05,12:40,12,20,0,25,0,50
666,2024-01-05,13:20,4,4,22,0,22,50
667,2024-01-05,13:20,4,35,9,6,25,50
668,2024-01-05,13:20,4,27,9,12,22,50
669,2024-01-05,13:20,4,47,8,8,22,50
670,2024-01-05,13:20,4,13,0,22,0,50
671,2024-01-05,13:20,5,7,31,0,31,60
672,2024-01-05,13:20,5,32,5,7,29,60
673,2024-01-05,13:20,5,39,6,7,28,60
674,2024-01-05,13:20,5,48,19,8,39,60
675,2024-01-05,13:20,5,14,0,39,0,60
676,2024-01-05,13:20,7,6,23,0,23,50
677,2024-01-05,13:20,7,26,11,6,28,50
678,2024-01-05,13:20,7,36,12,8,32,50
679,2024-01-05,13:20,7,44,6,9,29,50
680,2024-01-05,13:20,7,16,0,29,0,50
681,2024-01-05,13:20,11,5,15,0,15,50
682,2024-01-05,13:20,11,23,9,4,20,50
683,2024-01-05,13:20,11,35,18,8,30,50
684,2024-01-05,13:20,11,41,14,2,42,50
685,2024-01-05,13:20,11,18,0,42,0,50
686,2024-01-05,13:20,15,11,27,0,27,50
687,2024-01-05,13:20,15,22,16,11,32,50
688,2024-01-05,13:20,15,39,5,3,34,50
689,2024-01-05,13:20,15,46,16,3,47,50
690,2024-01-05,13:20,15,21,0,47,0,50
691,2024-01-05,14:00,3,25,17,0,17,70
692,2024-01-05,14:00,3,31,8,3,22,70
693,2024-01-05,14:00,3,38,20,12,30,70
694,2024-01-05,14:00,3,46,5,9,26,70
695,2024-01-05,14:00,3,3,0,26,0,70
696,2024-01-05,14:00,3,25,27,0,27,70
697,2024-01-05,14:00,3,31,16,4,39,70
698,2024-01-05,14:00,3,38,8,10,37,70
699,2024-01-05,14:00,3,46,6,3,40,70
700,2024-01-05,14:00,3,3,0,40,0,70
701,2024-01-05,14:35,6,1,19,0,19,80
702,2024-01-05,14:35,6,28,15,6,28,80
703,2024-01-05,14:35,6,41,16,11,33,80
704,2024-01-05,14:35,6,49,10,7,36,80
705,2024-01-05,14:35,6,15,0,36,0,80
706,2024-01-05,14:35,8,2,27,0,27,60
707,2024-01-05,14:35,8,17,13,11,29,60
708,2024-01-05,14:35,8,29,15,5,39,60
709,2024-01-05,14:35,8,37,15,7,47,60
710,2024-01-05,14:35,8,50,0,47,0,60
711,2024-01-05,15:10,12,8,19,0,19,50
712,2024-01-05,15:10,12,24,8,7,20,50
713,2024-01-05,15:10,12,36,12,12,20,50
714,2024-01-05,15:10,12,43,18,8,30,50
715,2024-01-05,15:10,12,20,0,30,0,50
716,2024-01-05,15:10,2,6,30,0,30,60
717,2024-01-05,15:10,2,26,15,3,42,60
718,2024-01-05,15:10,2,34,18,9,51,60
719,2024-01-05,15:10,2,43,7,11,47,60
720,2024-01-05,15:10,2,11,0,47,0,60
721,2024-01-05,15:10,15,11,22,0,22,50
722,2024-01-05,15:10,15,22,18,5,35,50
723,2024-01-05,15:10,15,39,12,5,42,50
724,2024-01-05,15:10,15,46,8,2,48,50
725,2024-01-05,15:10,15,21,0,48,0,50
726,2024-01-05,15:50,8,2,33,0,33,60
727,2024-01-05,15:50,8,17,12,9,36,60
728,2024-01-05,15:50,8,29,15,9,42,60
729,2024-01-05,15:50,8,37,7,3,46,60
730,2024-01-05,15:50,8,50,0,46,0,60
731,2024-01-05,15:50,13,9,19,0,19,50
732,2024-01-05,15:50,13,21,10,8,21,50
733,2024-01-05,15:50,13,33,10,4,27,50
734,2024-01-05,15:50,13,44,12,6,33,50
735,2024-01-05,15:50,13,22,0,33,0,50
736,2024-01-05,15:50,14,10,34,0,34,50
737,2024-01-05,15:50,14,29,8,12,30,50
738,2024-01-05,15:50,14,38,5,11,24,50
739,2024-01-05,15:50,14,45,15,5,34,50
740,2024-01-05,15:50,14,17,0,34,0,50
741,2024-01-05,16:30,10,1,15,0,15,50
742,2024-01-05,16:30,10,30,6,8,13,50
743,2024-01-05,16:30,10,37,11,8,16,50
744,2024-01-05,16:30,10,42,8,3,21,50
745,2024-01-05,16:30,10,19,0,21,0,50
746,2024-01-05,16:30,8,2,28,0,28,60
747,2024-01-05,16:30,8,17,5,8,25,60
748,2024-01-05,16:30,8,29,20,8,37,60
749,2024-01-05,16:30,8,37,18,7,48,60
750,2024-01-05,16:30,8,50,0,48,0,60
751,2024-01-05,17:00,4,4,44,0,44,50
752,2024-01-05,17:00,4,35,6,22,28,50
753,2024-01-05,17:00,4,27,22,6,44,50
754,2024-01-05,17:00,4,47,6,22,28,50
755,2024-01-05,17:00,4,13,0,28,0,50
756,2024-01-05,17:00,2,6,52,0,52,60
757,2024-01-05,17:00,2,26,8,10,50,60
758,2024-01-05,17:00,2,34,10,12,48,60
759,2024-01-05,17:00,2,43,12,24,36,60
760,2024-01-05,17:00,2,11,0,36,0,60
761,2024-01-05,17:20,6,1,40,0,40,80
762,2024-01-05,17:20,6,28,24,24,40,80
763,2024-01-05,17:20,6,41,36,6,70,80
764,2024-01-05,17:20,6,49,10,12,68,80
765,2024-01-05,17:20,6,15,0,68,0,80
766,2024-01-05,17:20,12,8,50,0,50,50
767,2024-01-05,17:20,12,24,0,18,32,50
768,2024-01-05,17:20,12,36,18,18,32,50
769,2024-01-05,17:20,12,43,12,8,36,50
770,2024-01-05,17:20,12,20,0,36,0,50
771,2024-01-05,17:20,11,5,50,0,50,50
772,2024-01-05,17:20,11,23,0,4,46,50
773,2024-01-05,17:20,11,35,4,4,46,50
774,2024-01-05,17:20,11,41,4,20,30,50
775,2024-01-05,17:20,11,18,0,30,0,50
776,2024-01-05,17:20,4,4,48,0,48,50
777,2024-01-05,17:20,4,35,2,10,40,50
778,2024-01-05,17:20,4,27,10,12,38,50
779,2024-01-05,17:20,4,47,12,14,36,50
780,2024-01-05,17:20,4,13,0,36,0,50
781,2024-01-05,17:20,5,7,42,0,42,60
782,2024-01-05,17:20,5,32,18,6,54,60
783,2024-01-05,17:20,5,39,6,16,44,60
784,2024-01-05,17:20,5,48,16,24,36,60
785,2024-01-05,17:20,5,14,0,36,0,60
786,2024-01-05,17:45,15,11,50,0,50,50
787,2024-01-05,17:45,15,22,0,18,32,50
788,2024-01-05,17:45,15,39,18,22,28,50
789,2024-01-05,17:45,15,46,22,24,26,50
790,2024-01-05,17:45,15,21,0,26,0,50
791,2024-01-05,17:45,7,6,48,0,48,50
792,2024-01-05,17:45,7,26,2,6,44,50
793,2024-01-05,17:45,7,36,6,6,44,50
794,2024-01-05,17:45,7,44,6,4,46,50
795,2024-01-05,17:45,7,16,0,46,0,50
796,2024-01-05,18:05,9,3,54,0,54,80
797,2024-01-05,18:05,9,27,14,22,46,80
798,2024-01-05,18:05,9,34,34,22,58,80
799,2024-01-05,18:05,9,40,20,20,58,80
800,2024-01-05,18:05,9,45,0,58,0,80
801,2024-01-05,18:05,6,1,38,0,38,80
802,2024-01-05,18:05,6,28,10,4,44,80
803,2024-01-05,18:05,6,41,10,18,36,80
804,2024-01-05,18:05,6,49,14,4,46,80
805,2024-01-05,18:05,6,15,0,46,0,80
806,2024-01-05,18:05,7,6,50,0,50,50
807,2024-01-05,18:05,7,26,0,18,32,50
808,2024-01-05,18:05,7,36,18,16,34,50
809,2024-01-05,18:05,7,44,16,12,38,50
810,2024-01-05,18:05,7,16,0,38,0,50
811,2024-01-05,18:05,1,1,32,0,32,80
812,2024-01-05,18:05,1,25,12,24,20,80
813,2024-01-05,18:05,1,33,32,20,32,80
814,2024-01-05,18:05,1,42,10,14,28,80
815,2024-01-05,18:05,1,12,0,28,0,80
816,2024-01-05,18:25,11,5,50,0,50,50
817,2024-01-05,18:25,11,23,0,24,26,50
818,2024-01-05,18:25,11,35,12,14,24,50
819,2024-01-05,18:25,11,41,26,12,38,50
820,2024-01-05,18:25,11,18,0,38,0,50
821,2024-01-05,18:25,8,2,52,0,52,60
822,2024-01-05,18:25,8,17,8,22,38,60
823,2024-01-05,18:25,8,29,22,20,40,60
824,2024-01-05,18:25,8,37,20,24,36,60
825,2024-01-05,18:25,8,50,0,36,0,60
826,2024-01-05,18:25,9,3,64,0,64,80
827,2024-01-05,18:25,9,27,12,8,68,80
828,2024-01-05,18:25,9,34,12,10,70,80
829,2024-01-05,18:25,9,40,10,6,74,80
830,2024-01-05,18:25,9,45,0,74,0,80
831,2024-01-05,18:25,1,1,50,0,50,80
832,2024-01-05,18:25,1,25,24,12,62,80
833,2024-01-05,18:25,1,33,18,10,70,80
834,2024-01-05,18:25,1,42,10,24,56,80
835,2024-01-05,18:25,1,12,0,56,0,80
836,2024-01-05,18:45,2,6,34,0,34,60
837,2024-01-05,18:45,2,26,26,8,52,60
838,2024-01-05,18:45,2,34,8,18,42,60
839,2024-01-05,18:45,2,43,18,14,46,60
840,2024-01-05,18:45,2,11,0,46,0,60
841,2024-01-05,18:45,9,3,68,0,68,80
842,2024-01-05,18:45,9,27,12,10,70,80
843,2024-01-05,18:45,9,34,10,24,56,80
844,2024-01-05,18:45,9,40,12,8,60,80
845,2024-01-05,18:45,9,45,0,60,0,80
846,2024-01-05,18:45,8,2,30,0,30,60
847,2024-01-05,18:45,8,17,30,18,42,60
848,2024-01-05,18:45,8,29,16,24,34,60
849,2024-01-05,18:45,8,37,24,14,44,60
850,2024-01-05,18:45,8,50,0,44,0,60
851,2024-01-05,19:05,9,3,58,0,58,80
852,2024-01-05,19:05,9,27,22,16,64,80
853,2024-01-05,19:05,9,34,16,6,74,80
854,2024-01-05,19:05,9,40,6,12,68,80
855,2024-01-05,19:05,9,45,0,68,0,80
856,2024-01-05,19:05,7,6,50,0,50,50
857,2024-01-05,19:05,7,26,0,22,28,50
858,2024-01-05,19:05,7,36,20,18,30,50
859,2024-01-05,19:05,7,44,10,24,16,50
860,2024-01-05,19:05,7,16,0,16,0,50
861,2024-01-05,19:25,14,10,50,0,50,50
862,2024-01-05,19:25,14,29,0,24,26,50
863,2024-01-05,19:25,14,38,24,22,28,50
864,2024-01-05,19:25,14,45,22,6,44,50
865,2024-01-05,19:25,14,17,0,44,0,50
866,2024-01-05,19:25,1,1,38,0,38,80
867,2024-01-05,19:25,1,25,38,18,58,80
868,2024-01-05,19:25,1,33,10,10,58,80
869,2024-01-05,19:25,1,42,22,16,64,80
870,2024-01-05,19:25,1,12,0,64,0,80
871,2024-01-05,19:25,8,2,50,0,50,60
872,2024-01-05,19:25,8,17,10,14,46,60
873,2024-01-05,19:25,8,29,14,22,38,60
874,2024-01-05,19:25,8,37,22,16,44,60
875,2024-01-05,19:25,8,50,0,44,0,60
876,2024-01-05,19:25,15,11,50,0,50,50
877,2024-01-05,19:25,15,22,0,4,46,50
878,2024-01-05,19:25,15,39,4,20,30,50
879,2024-01-05,19:25,15,46,20,14,36,50
880,2024-01-05,19:25,15,21,0,36,0,50
881,2024-01-05,19:25,10,1,32,0,32,50
882,2024-01-05,19:25,10,30,14,14,32,50
883,2024-01-05,19:25,10,37,10,16,26,50
884,2024-01-05,19:25,10,42,24,8,42,50
885,2024-01-05,19:25,10,19,0,42,0,50
886,2024-01-05,19:45,5,7,54,0,54,60
887,2024-01-05,19:45,5,32,6,12,48,60
888,2024-01-05,19:45,5,39,12,6,54,60
889,2024-01-05,19:45,5,48,6,14,46,60
890,2024-01-05,19:45,5,14,0,46,0,60
891,2024-01-05,19:45,15,11,50,0,50,50
892,2024-01-05,19:45,15,22,0,14,36,50
893,2024-01-05,19:45,15,39,14,14,36,50
894,2024-01-05,19:45,15,46,12,6,42,50
895,2024-01-05,19:45,15,21,0,42,0,50
896,2024-01-05,20:00,6,1,34,0,34,80
897,2024-01-05,20:00,6,28,22,4,52,80
898,2024-01-05,20:00,6,41,28,4,76,80
899,2024-01-05,20:00,6,49,4,14,66,80
900,2024-01-05,20:00,6,15,0,66,0,80
901,2024-01-05,20:00,9,3,68,0,68,80
902,2024-01-05,20:00,9,27,12,14,66,80
903,2024-01-05,20:00,9,34,14,14,66,80
904,2024-01-05,20:00,9,40,14,6,74,80
905,2024-01-05,20:00,9,45,0,74,0,80
906,2024-01-05,20:00,4,4,50,0,50,50
907,2024-01-05,20:00,4,35,0,4,46,50
908,2024-01-05,20:00,4,27,4,24,26,50
909,2024-01-05,20:00,4,47,24,18,32,50
910,2024-01-05,20:00,4,13,0,32,0,50
911,2024-01-05,20:00,14,10,46,0,46,50
912,2024-01-05,20:00,14,29,4,24,26,50
913,2024-01-05,20:00,14,38,24,6,44,50
914,2024-01-05,20:00,14,45,6,6,44,50
915,2024-01-05,20:00,14,17,0,44,0,50
916,2024-01-05,20:00,2,6,48,0,48,60
917,2024-01-05,20:00,2,26,12,22,38,60
918,2024-01-05,20:00,2,34,18,4,52,60
919,2024-01-05,20:00,2,43,8,10,50,60
920,2024-01-05,20:00,2,11,0,50,0,60
921,2024-01-05,20:40,12,8,48,0,48,50
922,2024-01-05,20:40,12,24,2,6,44,50
923,2024-01-05,20:40,12,36,6,22,28,50
924,2024-01-05,20:40,12,43,10,20,18,50
925,2024-01-05,20:40,12,20,0,18,0,50
926,2024-01-05,20:40,11,5,50,0,50,50
927,2024-01-05,20:40,11,23,0,14,36,50
928,2024-01-05,20:40,11,35,14,12,38,50
929,2024-01-05,20:40,11,41,10,6,42,50
930,2024-01-05,20:40,11,18,0,42,0,50
931,2024-01-05,21:00,8,2,20,0,20,60
932,2024-01-05,21:00,8,17,10,4,26,60
933,2024-01-05,21:00,8,29,9,6,29,60
934,2024-01-05,21:00,8,37,11,2,38,60
935,2024-01-05,21:00,8,50,0,38,0,60
936,2024-01-05,21:00,6,1,18,0,18,80
937,2024-01-05,21:00,6,28,7,4,21,80
938,2024-01-05,21:00,6,41,10,8,23,80
939,2024-01-05,21:00,6,49,7,8,22,80
940,2024-01-05,21:00,6,15,0,22,0,80
941,2024-01-05,21:00,9,3,15,0,15,80
942,2024-01-05,21:00,9,27,11,2,24,80
943,2024-01-05,21:00,9,34,13,2,35,80
944,2024-01-05,21:00,9,40,9,8,36,80
945,2024-01-05,21:00,9,45,0,36,0,80
946,2024-01-05,21:00,9,3,20,0,20,80
947,2024-01-05,21:00,9,27,8,2,26,80
948,2024-01-05,21:00,9,34,8,4,30,80
949,2024-01-05,21:00,9,40,12,4,38,80
950,2024-01-05,21:00,9,45,0,38,0,80
951,2024-01-05,21:00,15,11,22,0,22,50
952,2024-01-05,21:00,15,22,11,1,32,50
953,2024-01-05,21:00,15,39,4,3,33,50
954,2024-01-05,21:00,15,46,4,8,29,50
955,2024-01-05,21:00,15,21,0,29,0,50
956,2024-01-05,21:40,11,5,17,0,17,50
957,2024-01-05,21:40,11,23,13,7,23,50
958,2024-01-05,21:40,11,35,8,4,27,50
959,2024-01-05,21:40,11,41,8,2,33,50
960,2024-01-05,21:40,11,18,0,33,0,50
961,2024-01-05,21:40,12,8,24,0,24,50
962,2024-01-05,21:40,12,24,10,7,27,50
963,2024-01-05,21:40,12,36,6,4,29,50
964,2024-01-05,21:40,12,43,4,8,25,50
965,2024-01-05,21:40,12,20,0,25,0,50
966,2024-01-05,21:40,4,4,19,0,19,50
967,2024-01-05,21:40,4,35,12,5,26,50
968,2024-01-05,21:40,4,27,11,7,30,50
969,2024-01-05,21:40,4,47,11,3,38,50
970,2024-01-05,21:40,4,13,0,38,0,50
971,2024-01-05,21:40,7,6,21,0,21,50
972,2024-01-05,21:40,7,26,5,8,18,50
973,2024-01-05,21:40,7,36,10,8,20,50
974,2024-01-05,21:40,7,44,5,8,17,50
975,2024-01-05,21:40,7,16,0,17,0,50
976,2024-01-05,21:40,15,11,15,0,15,50
977,2024-01-05,21:40,15,22,5,5,15,50
978,2024-01-05,21:40,15,39,10,6,19,50
979,2024-01-05,21:40,15,46,11,5,25,50
980,2024-01-05,21:40,15,21,0,25,0,50
981,2024-01-06,6:00,8,2,27,0,27,60
982,2024-01-06,6:00,8,17,22,14,35,60
983,2024-01-06,6:00,8,29,14,18,31,60
984,2024-01-06,6:00,8,37,29,18,42,60
985,2024-01-06,6:00,8,50,0,42,0,60
986,2024-01-06,6:00,12,8,50,0,50,50
987,2024-01-06,6:00,12,24,0,4,46,50
988,2024-01-06,6:00,12,36,4,7,43,50
989,2024-01-06,6:00,12,43,7,9,41,50
990,2024-01-06,6:00,12,20,0,41,0,50
991,2024-01-06,6:00,1,1,49,0,49,80
992,2024-01-06,6:00,1,25,20,14,55,80
993,2024-01-06,6:00,1,33,9,9,55,80
994,2024-01-06,6:00,1,42,25,20,60,80
995,2024-01-06,6:00,1,12,0,60,0,80
996,2024-01-06,6:00,11,5,49,0,49,50
997,2024-01-06,6:00,11,23,1,14,36,50
998,2024-01-06,6:00,11,35,14,16,34,50
999,2024-01-06,6:00,11,41,16,22,28,50
1000,2024-01-06,6:00,11,18,0,28,0,50
1001,2024-01-06,6:00,8,2,41,0,41,60
1002,2024-01-06,6:00,8,17,19,22,38,60
1003,2024-01-06,6:00,8,29,22,22,38,60
1004,2024-01-06,6:00,8,37,9,14,33,60
1005,2024-01-06,6:00,8,50,0,33,0,60
1006,2024-01-06,6:20,14,10,38,0,38,50
1007,2024-01-06,6:20,14,29,9,7,40,50
1008,2024-01-06,6:20,14,38,10,18,32,50
1009,2024-01-06,6:20,14,45,18,5,45,50
1010,2024-01-06,6:20,14,17,0,45,0,50
1011,2024-01-06,6:20,11,5,38,0,38,50
1012,2024-01-06,6:20,11,23,12,5,45,50
1013,2024-01-06,6:20,11,35,5,4,46,50
1014,2024-01-06,6:20,11,41,4,20,30,50
1015,2024-01-06,6:20,11,18,0,30,0,50
1016,2024-01-06,6:20,14,10,43,0,43,50
1017,2024-01-06,6:20,14,29,7,18,32,50
1018,2024-01-06,6:20,14,38,18,11,39,50
1019,2024-01-06,6:20,14,45,11,18,32,50
1020,2024-01-06,6:20,14,17,0,32,0,50
1021,2024-01-06,6:20,11,5,50,0,50,50
1022,2024-01-06,6:20,11,23,0,18,32,50
1023,2024-01-06,6:20,11,35,18,22,28,50
1024,2024-01-06,6:20,11,41,18,5,41,50
1025,2024-01-06,6:20,11,18,0,41,0,50
1026,2024-01-06,6:40,5,7,29,0,29,60
1027,2024-01-06,6:40,5,32,23,18,34,60
1028,2024-01-06,6:40,5,39,26,4,56,60
1029,2024-01-06,6:40,5,48,4,18,42,60
1030,2024-01-06,6:40,5,14,0,42,0,60
1031,2024-01-06,6:40,14,10,36,0,36,50
1032,2024-01-06,6:40,14,29,14,13,37,50
1033,2024-01-06,6:40,14,38,13,13,37,50
1034,2024-01-06,6:40,14,45,13,22,28,50
1035,2024-01-06,6:40,14,17,0,28,0,50
1036,2024-01-06,6:40,14,10,27,0,27,50
1037,2024-01-06,6:40,14,29,16,11,32,50
1038,2024-01-06,6:40,14,38,18,13,37,50
1039,2024-01-06,6:40,14,45,13,13,37,50
1040,2024-01-06,6:40,14,17,0,37,0,50
1041,2024-01-06,7:00,13,9,45,0,45,50
1042,2024-01-06,7:00,13,21,5,9,41,50
1043,2024-01-06,7:00,13,33,9,18,32,50
1044,2024-01-06,7:00,13,44,18,14,36,50
1045,2024-01-06,7:00,13,22,0,36,0,50
1046,2024-01-06,7:00,1,1,27,0,27,80
1047,2024-01-06,7:00,1,25,34,4,57,80
1048,2024-01-06,7:00,1,33,23,7,73,80
1049,2024-01-06,7:00,1,42,7,20,60,80
1050,2024-01-06,7:00,1,12,0,60,0,80
1051,2024-01-06,7:00,12,8,50,0,50,50
1052,2024-01-06,7:00,12,24,0,9,41,50
1053,2024-01-06,7:00,12,36,9,11,39,50
1054,2024-01-06,7:00,12,43,11,9,41,50
1055,2024-01-06,7:00,12,20,0,41,0,50
1056,2024-01-06,7:20,11,5,41,0,41,50
1057,2024-01-06,7:20,11,23,9,4,46,50
1058,2024-01-06,7:20,11,35,4,16,34,50
1059,2024-01-06,7:20,11,41,16,13,37,50
1060,2024-01-06,7:20,11,18,0,37,0,50
1061,2024-01-06,7:20,5,7,50,0,50,60
1062,2024-01-06,7:20,5,32,10,13,47,60
1063,2024-01-06,7:20,5,39,13,18,42,60
1064,2024-01-06,7:20,5,48,11,5,48,60
1065,2024-01-06,7:20,5,14,0,48,0,60
1066,2024-01-06,7:20,8,2,59,0,59,60
1067,2024-01-06,7:20,8,17,1,18,42,60
1068,2024-01-06,7:20,8,29,11,14,39,60
1069,2024-01-06,7:20,8,37,20,22,37,60
1070,2024-01-06,7:20,8,50,0,37,0,60
1071,2024-01-06,7:20,1,1,45,0,45,80
1072,2024-01-06,7:20,1,25,34,16,63,80
1073,2024-01-06,7:20,1,33,16,16,63,80
1074,2024-01-06,7:20,1,42,16,14,65,80
1075,2024-01-06,7:20,1,12,0,65,0,80
1076,2024-01-06,7:40,2,6,32,0,32,60
1077,2024-01-06,7:40,2,26,23,22,33,60
1078,2024-01-06,7:40,2,34,11,9,35,60
1079,2024-01-06,7:40,2,43,25,18,42,60
1080,2024-01-06,7:40,2,11,0,42,0,60
1081,2024-01-06,7:40,8,2,40,0,40,60
1082,2024-01-06,7:40,8,17,11,14,37,60
1083,2024-01-06,7:40,8,29,23,9,51,60
1084,2024-01-06,7:40,8,37,9,22,38,60
1085,2024-01-06,7:40,8,50,0,38,0,60
1086,2024-01-06,7:40,6,1,58,0,58,80
1087,2024-01-06,7:40,6,28,22,18,62,80
1088,2024-01-06,7:40,6,41,18,5,75,80
1089,2024-01-06,7:40,6,49,5,11,69,80
1090,2024-01-06,7:40,6,15,0,69,0,80
1091,2024-01-06,7:40,7,6,50,0,50,50
1092,2024-01-06,7:40,7,26,0,5,45,50
1093,2024-01-06,7:40,7,36,5,13,37,50
1094,2024-01-06,7:40,7,44,13,5,45,50
1095,2024-01-06,7:40,7,16,0,45,0,50
1096,2024-01-06,8:00,4,4,31,0,31,50
1097,2024-01-06,8:00,4,35,19,4,46,50
1098,2024-01-06,8:00,4,27,4,9,41,50
1099,2024-01-06,8:00,4,47,9,18,32,50
1100,2024-01-06,8:00,4,13,0,32,0,50
1101,2024-01-06,8:00,1,1,38,0,38,80
1102,2024-01-06,8:00,1,25,27,13,52,80
1103,2024-01-06,8:00,1,33,28,22,58,80
1104,2024-01-06,8:00,1,42,22,7,73,80
1105,2024-01-06,8:00,1,12,0,73,0,80
1106,2024-01-06,8:20,1,1,63,0,63,80
1107,2024-01-06,8:20,1,25,9,22,50,80
1108,2024-01-06,8:20,1,33,30,20,60,80
1109,2024-01-06,8:20,1,42,20,16,64,80
1110,2024-01-06,8:20,1,12,0,64,0,80
1111,2024-01-06,8:20,15,11,50,0,50,50
1112,2024-01-06,8:20,15,22,0,5,45,50
1113,2024-01-06,8:20,15,39,5,9,41,50
1114,2024-01-06,8:20,15,46,9,7,43,50
1115,2024-01-06,8:20,15,21,0,43,0,50
1116,2024-01-06,8:20,10,1,50,0,50,50
1117,2024-01-06,8:20,10,30,0,7,43,50
1118,2024-01-06,8:20,10,37,7,13,37,50
1119,2024-01-06,8:20,10,42,13,20,30,50
1120,2024-01-06,8:20,10,19,0,30,0,50
1121,2024-01-06,8:20,11,5,50,0,50,50
1122,2024-01-06,8:20,11,23,0,22,28,50
1123,2024-01-06,8:20,11,35,22,5,45,50
1124,2024-01-06,8:20,11,41,5,13,37,50
1125,2024-01-06,8:20,11,18,0,37,0,50
1126,2024-01-06,8:40,7,6,50,0,50,50
1127,2024-01-06,8:40,7,26,0,16,34,50
1128,2024-01-06,8:40,7,36,14,7,41,50
1129,2024-01-06,8:40,7,44,9,7,43,50
1130,2024-01-06,8:40,7,16,0,43,0,50
1131,2024-01-06,8:40,9,3,27,0,27,80
1132,2024-01-06,8:40,9,27,29,22,34,80
1133,2024-01-06,8:40,9,34,20,22,32,80
1134,2024-01-06,8:40,9,40,16,4,44,80
1135,2024-01-06,8:40,9,45,0,44,0,80
1136,2024-01-06,8:40,4,4,50,0,50,50
1137,2024-01-06,8:40,4,35,0,5,45,50
1138,2024-01-06,8:40,4,27,5,13,37,50
1139,2024-01-06,8:40,4,47,13,5,45,50
1140,2024-01-06,8:40,4,13,0,45,0,50
1141,2024-01-06,8:40,4,4,40,0,40,50
1142,2024-01-06,8:40,4,35,10,9,41,50
1143,2024-01-06,8:40,4,27,9,11,39,50
1144,2024-01-06,8:40,4,47,11,14,36,50
1145,2024-01-06,8:40,4,13,0,36,0,50
1146,2024-01-06,9:00,13,9,50,0,50,50
1147,2024-01-06,9:00,13,21,0,11,39,50
1148,2024-01-06,9:00,13,33,11,22,28,50
1149,2024-01-06,9:00,13,44,22,9,41,50
1150,2024-01-06,9:00,13,22,0,41,0,50
1151,2024-01-06,9:00,12,8,34,0,34,50
1152,2024-01-06,9:00,12,24,16,13,37,50
1153,2024-01-06,9:00,12,36,13,5,45,50
1154,2024-01-06,9:00,12,43,5,22,28,50
1155,2024-01-06,9:00,12,20,0,28,0,50
1156,2024-01-06,9:00,1,1,61,0,61,80
1157,2024-01-06,9:00,1,25,19,18,62,80
1158,2024-01-06,9:00,1,33,18,16,64,80
1159,2024-01-06,9:00,1,42,16,9,71,80
1160,2024-01-06,9:00,1,12,0,71,0,80
1161,2024-01-06,9:40,3,25,47,0,47,70
1162,2024-01-06,9:40,3,31,23,9,61,70
1163,2024-01-06,9:40,3,38,9,9,61,70
1164,2024-01-06,9:40,3,46,9,5,65,70
1165,2024-01-06,9:40,3,3,0,65,0,70
1166,2024-01-06,9:40,15,11,50,0,50,50
1167,2024-01-06,9:40,15,22,0,13,37,50
1168,2024-01-06,9:40,15,39,13,22,28,50
1169,2024-01-06,9:40,15,46,22,22,28,50
1170,2024-01-06,9:40,15,21,0,28,0,50
1171,2024-01-06,10:25,12,8,24,0,24,50
1172,2024-01-06,10:25,12,24,14,5,33,50
1173,2024-01-06,10:25,12,36,17,5,45,50
1174,2024-01-06,10:25,12,43,5,2,48,50
1175,2024-01-06,10:25,12,20,0,48,0,50
1176,2024-01-06,10:25,11,5,21,0,21,50
1177,2024-01-06,10:25,11,23,14,2,33,50
1178,2024-01-06,10:25,11,35,17,12,38,50
1179,2024-01-06,10:25,11,41,9,7,40,50
1180,2024-01-06,10:25,11,18,0,40,0,50
1181,2024-01-06,10:25,4,4,32,0,32,50
1182,2024-01-06,10:25,4,35,7,5,34,50
1183,2024-01-06,10:25,4,27,12,2,44,50
1184,2024-01-06,10:25,4,47,6,7,43,50
1185,2024-01-06,10:25,4,13,0,43,0,50
1186,2024-01-06,10:25,1,1,32,0,32,80
1187,2024-01-06,10:25,1,25,13,5,40,80
1188,2024-01-06,10:25,1,33,7,5,42,80
1189,2024-01-06,10:25,1,42,19,11,50,80
1190,2024-01-06,10:25,1,12,0,50,0,80
1191,2024-01-06,10:25,10,1,31,0,31,50
1192,2024-01-06,10:25,10,30,12,4,39,50
1193,2024-01-06,10:25,10,37,11,8,42,50
1194,2024-01-06,10:25,10,42,8,2,48,50
1195,2024-01-06,10:25,10,19,0,48,0,50
1196,2024-01-06,11:05,4,4,18,0,18,50
1197,2024-01-06,11:05,4,35,17,10,25,50
1198,2024-01-06,11:05,4,27,20,12,33,50
1199,2024-01-06,11:05,4,47,10,2,41,50
1200,2024-01-06,11:05,4,13,0,41,0,50
1201,2024-01-06,11:05,3,25,15,0,15,70
1202,2024-01-06,11:05,3,31,8,12,11,70
1203,2024-01-06,11:05,3,38,10,7,14,70
1204,2024-01-06,11:05,3,46,12,6,20,70
1205,2024-01-06,11:05,3,3,0,20,0,70
1206,2024-01-06,11:05,8,2,34,0,34,60
1207,2024-01-06,11:05,8,17,18,9,43,60
1208,2024-01-06,11:05,8,29,17,10,50,60
1209,2024-01-06,11:05,8,37,10,5,55,60
1210,2024-01-06,11:05,8,50,0,55,0,60
1211,2024-01-06,11:05,11,5,21,0,21,50
1212,2024-01-06,11:05,11,23,17,12,26,50
1213,2024-01-06,11:05,11,35,13,9,30,50
1214,2024-01-06,11:05,11,41,20,12,38,50
1215,2024-01-06,11:05,11,18,0,38,0,50
1216,2024-01-06,11:45,4,4,19,0,19,50
1217,2024-01-06,11:45,4,35,5,10,14,50
1218,2024-01-06,11:45,4,27,18,8,24,50
1219,2024-01-06,11:45,4,47,17,7,34,50
1220,2024-01-06,11:45,4,13,0,34,0,50
1221,2024-01-06,11:45,5,7,24,0,24,60
1222,2024-01-06,11:45,5,32,9,9,24,60
1223,2024-01-06,11:45,5,39,12,8,28,60
1224,2024-01-06,11:45,5,48,16,12,32,60
1225,2024-01-06,11:45,5,14,0,32,0,60
1226,2024-01-06,11:45,12,8,34,0,34,50
1227,2024-01-06,11:45,12,24,12,8,38,50
1228,2024-01-06,11:45,12,36,8,6,40,50
1229,2024-01-06,11:45,12,43,6,12,34,50
1230,2024-01-06,11:45,12,20,0,34,0,50
1231,2024-01-06,11:45,2,6,23,0,23,60
1232,2024-01-06,11:45,2,26,10,12,21,60
1233,2024-01-06,11:45,2,34,15,7,29,60
1234,2024-01-06,11:45,2,43,19,10,38,60
1235,2024-01-06,11:45,2,11,0,38,0,60
1236,2024-01-06,12:15,15,11,26,0,26,50
1237,2024-01-06,12:15,15,22,16,9,33,50
1238,2024-01-06,12:15,15,39,10,3,40,50
1239,2024-01-06,12:15,15,46,10,8,42,50
1240,2024-01-06,12:15,15,21,0,42,0,50
1241,2024-01-06,12:15,12,8,21,0,21,50
1242,2024-01-06,12:15,12,24,8,11,18,50
1243,2024-01-06,12:15,12,36,6,3,21,50
1244,2024-01-06,12:15,12,43,15,3,33,50
1245,2024-01-06,12:15,12,20,0,33,0,50
1246,2024-01-06,12:15,10,1,30,0,30,50
1247,2024-01-06,12:15,10,30,10,12,28,50
1248,2024-01-06,12:15,10,37,18,6,40,50
1249,2024-01-06,12:15,10,42,6,4,42,50
1250,2024-01-06,12:15,10,19,0,42,0,50
1251,2024-01-06,12:50,3,25,17,0,17,70
1252,2024-01-06,12:50,3,31,17,7,27,70
1253,2024-01-06,12:50,3,38,16,10,33,70
1254,2024-01-06,12:50,3,46,19,12,40,70
1255,2024-01-06,12:50,3,3,0,40,0,70
1256,2024-01-06,12:50,13,9,24,0,24,50
1257,2024-01-06,12:50,13,21,13,2,35,50
1258,2024-01-06,12:50,13,33,9,8,36,50
1259,2024-01-06,12:50,13,44,14,11,39,50
1260,2024-01-06,12:50,13,22,0,39,0,50
1261,2024-01-06,12:50,6,1,16,0,16,80
1262,2024-01-06,12:50,6,28,5,8,13,80
1263,2024-01-06,12:50,6,41,12,3,22,80
1264,2024-01-06,12:50,6,49,9,12,19,80
1265,2024-01-06,12:50,6,15,0,19,0,80
1266,2024-01-06,12:50,4,4,33,0,33,50
1267,2024-01-06,12:50,4,35,5,4,34,50
1268,2024-01-06,12:50,4,27,12,5,41,50
1269,2024-01-06,12:50,4,47,9,9,41,50
1270,2024-01-06,12:50,4,13,0,41,0,50
1271,2024-01-06,12:50,5,7,35,0,35,60
1272,2024-01-06,12:50,5,32,14,5,44,60
1273,2024-01-06,12:50,5,39,6,11,39,60
1274,2024-01-06,12:50,5,48,12,3,48,60
1275,2024-01-06,12:50,5,14,0,48,0,60
1276,2024-01-06,13:25,3,25,34,0,34,70
1277,2024-01-06,13:25,3,31,20,3,51,70
1278,2024-01-06,13:25,3,38,18,10,59,70
1279,2024-01-06,13:25,3,46,11,8,62,70
1280,2024-01-06,13:25,3,3,0,62,0,70
1281,2024-01-06,13:25,15,11,28,0,28,50
1282,2024-01-06,13:25,15,22,20,5,43,50
1283,2024-01-06,13:25,15,39,7,2,48,50
1284,2024-01-06,13:25,15,46,2,8,42,50
1285,2024-01-06,13:25,15,21,0,42,0,50
1286,2024-01-06,13:25,6,1,35,0,35,80
1287,2024-01-06,13:25,6,28,9,5,39,80
1288,2024-01-06,13:25,6,41,11,8,42,80
1289,2024-01-06,13:25,6,49,16,11,47,80
1290,2024-01-06,13:25,6,15,0,47,0,80
1291,2024-01-06,14:05,15,11,24,0,24,50
1292,2024-01-06,14:05,15,22,16,3,37,50
1293,2024-01-06,14:05,15,39,13,8,42,50
1294,2024-01-06,14:05,15,46,8,9,41,50
1295,2024-01-06,14:05,15,21,0,41,0,50
1296,2024-01-06,14:05,11,5,16,0,16,50
1297,2024-01-06,14:05,11,23,6,11,11,50
1298,2024-01-06,14:05,11,35,13,11,13,50
1299,2024-01-06,14:05,11,41,9,5,17,50
1300,2024-01-06,14:05,11,18,0,17,0,50
1301,2024-01-06,14:05,8,2,33,0,33,60
1302,2024-01-06,14:05,8,17,8,6,35,60
1303,2024-01-06,14:05,8,29,8,3,40,60
1304,2024-01-06,14:05,8,37,10,7,43,60
1305,2024-01-06,14:05,8,50,0,43,0,60
1306,2024-01-06,14:05,15,11,19,0,19,50
1307,2024-01-06,14:05,15,22,11,11,19,50
1308,2024-01-06,14:05,15,39,19,5,33,50
1309,2024-01-06,14:05,15,46,12,9,36,50
1310,2024-01-06,14:05,15,21,0,36,0,50
1311,2024-01-06,14:05,9,3,30,0,30,80
1312,2024-01-06,14:05,9,27,19,4,45,80
1313,2024-01-06,14:05,9,34,12,5,52,80
1314,2024-01-06,14:05,9,40,11,11,52,80
1315,2024-01-06,14:05,9,45,0,52,0,80
1316,2024-01-06,14:45,11,5,26,0,26,50
1317,2024-01-06,14:45,11,23,19,7,38,50
1318,2024-01-06,14:45,11,35,11,3,46,50
1319,2024-01-06,14:45,11,41,4,9,41,50
1320,2024-01-06,14:45,11,18,0,41,0,50
1321,2024-01-06,14:45,5,7,32,0,32,60
1322,2024-01-06,14:45,5,32,19,6,45,60
1323,2024-01-06,14:45,5,39,15,12,48,60
1324,2024-01-06,14:45,5,48,12,4,56,60
1325,2024-01-06,14:45,5,14,0,56,0,60
1326,2024-01-06,14:45,12,8,34,0,34,50
1327,2024-01-06,14:45,12,24,16,11,39,50
1328,2024-01-06,14:45,12,36,9,6,42,50
1329,2024-01-06,14:45,12,43,8,3,47,50
1330,2024-01-06,14:45,12,20,0,47,0,50
1331,2024-01-06,14:45,14,10,16,0,16,50
1332,2024-01-06,14:45,14,29,20,3,33,50
1333,2024-01-06,14:45,14,38,12,9,36,50
1334,2024-01-06,14:45,14,45,14,4,46,50
1335,2024-01-06,14:45,14,17,0,46,0,50
1336,2024-01-06,14:45,2,6,20,0,20,60
1337,2024-01-06,14:45,2,26,19,2,37,60
1338,2024-01-06,14:45,2,34,8,3,42,60
1339,2024-01-06,14:45,2,43,8,5,45,60
1340,2024-01-06,14:45,2,11,0,45,0,60
1341,2024-01-06,15:15,11,5,24,0,24,50
1342,2024-01-06,15:15,11,23,8,5,27,50
1343,2024-01-06,15:15,11,35,11,10,28,50
1344,2024-01-06,15:15,11,41,19,2,45,50
1345,2024-01-06,15:15,11,18,0,45,0,50
1346,2024-01-06,15:15,8,2,22,0,22,60
1347,2024-01-06,15:15,8,17,13,3,32,60
1348,2024-01-06,15:15,8,29,20,2,50,60
1349,2024-01-06,15:15,8,37,10,9,51,60
1350,2024-01-06,15:15,8,50,0,51,0,60
1351,2024-01-06,15:15,13,9,28,0,28,50
1352,2024-01-06,15:15,13,21,14,12,30,50
1353,2024-01-06,15:15,13,33,13,9,34,50
1354,2024-01-06,15:15,13,44,5,3,36,50
1355,2024-01-06,15:15,13,22,0,36,0,50
1356,2024-01-06,15:45,11,5,29,0,29,50
1357,2024-01-06,15:45,11,23,14,6,37,50
1358,2024-01-06,15:45,11,35,11,3,45,50
1359,2024-01-06,15:45,11,41,5,3,47,50
1360,2024-01-06,15:45,11,18,0,47,0,50
1361,2024-01-06,15:45,11,5,32,0,32,50
1362,2024-01-06,15:45,11,23,17,12,37,50
1363,2024-01-06,15:45,11,35,10,9,38,50
1364,2024-01-06,15:45,11,41,12,5,45,50
1365,2024-01-06,15:45,11,18,0,45,0,50
1366,2024-01-06,15:45,14,10,32,0,32,50
1367,2024-01-06,15:45,14,29,18,8,42,50
1368,2024-01-06,15:45,14,38,8,3,47,50
1369,2024-01-06,15:45,14,45,3,5,45,50
1370,2024-01-06,15:45,14,17,0,45,0,50
1371,2024-01-06,15:45,3,25,22,0,22,70
1372,2024-01-06,15:45,3,31,12,2,32,70
1373,2024-01-06,15:45,3,38,10,8,34,70
1374,2024-01-06,15:45,3,46,12,6,40,70
1375,2024-01-06,15:45,3,3,0,40,0,70
1376,2024-01-06,15:45,6,1,18,0,18,80
1377,2024-01-06,15:45,6,28,7,8,17,80
1378,2024-01-06,15:45,6,41,18,11,24,80
1379,2024-01-06,15:45,6,49,5,12,17,80
1380,2024-01-06,15:45,6,15,0,17,0,80
1381,2024-01-06,16:30,7,6,32,0,32,50
1382,2024-01-06,16:30,7,26,5,3,34,50
1383,2024-01-06,16:30,7,36,9,8,35,50
1384,2024-01-06,16:30,7,44,11,4,42,50
1385,2024-01-06,16:30,7,16,0,42,0,50
1386,2024-01-06,16:30,4,4,21,0,21,50
1387,2024-01-06,16:30,4,35,10,7,24,50
1388,2024-01-06,16:30,4,27,7,6,25,50
1389,2024-01-06,16:30,4,47,12,3,34,50
1390,2024-01-06,16:30,4,13,0,34,0,50
1391,2024-01-06,16:30,4,4,23,0,23,50
1392,2024-01-06,16:30,4,35,20,6,37,50
1393,2024-01-06,16:30,4,27,13,3,47,50
1394,2024-01-06,16:30,4,47,3,10,40,50
1395,2024-01-06,16:30,4,13,0,40,0,50
1396,2024-01-06,17:00,1,1,50,0,50,80
1397,2024-01-06,17:00,1,25,14,24,40,80
1398,2024-01-06,17:00,1,33,22,22,40,80
1399,2024-01-06,17:00,1,42,24,18,46,80
1400,2024-01-06,17:00,1,12,0,46,0,80
1401,2024-01-06,17:00,5,7,38,0,38,60
1402,2024-01-06,17:00,5,32,16,22,32,60
1403,2024-01-06,17:00,5,39,10,6,36,60
1404,2024-01-06,17:00,5,48,14,18,32,60
1405,2024-01-06,17:00,5,14,0,32,0,60
1406,2024-01-06,17:00,9,3,58,0,58,80
1407,2024-01-06,17:00,9,27,12,6,64,80
1408,2024-01-06,17:00,9,34,10,12,62,80
1409,2024-01-06,17:00,9,40,18,6,74,80
1410,2024-01-06,17:00,9,45,0,74,0,80
1411,2024-01-06,17:00,14,10,50,0,50,50
1412,2024-01-06,17:00,14,29,0,16,34,50
1413,2024-01-06,17:00,14,38,16,20,30,50
1414,2024-01-06,17:00,14,45,20,20,30,50
1415,2024-01-06,17:00,14,17,0,30,0,50
1416,2024-01-06,17:00,4,4,44,0,44,50
1417,2024-01-06,17:00,4,35,6,18,32,50
1418,2024-01-06,17:00,4,27,18,10,40,50
1419,2024-01-06,17:00,4,47,10,24,26,50
1420,2024-01-06,17:00,4,13,0,26,0,50
1421,2024-01-06,17:00,15,11,46,0,46,50
1422,2024-01-06,17:00,15,22,4,6,44,50
1423,2024-01-06,17:00,15,39,6,16,34,50
1424,2024-01-06,17:00,15,46,16,16,34,50
1425,2024-01-06,17:00,15,21,0,34,0,50
1426,2024-01-06,17:00,5,7,44,0,44,60
1427,2024-01-06,17:00,5,32,16,4,56,60
1428,2024-01-06,17:00,5,39,4,6,54,60
1429,2024-01-06,17:00,5,48,6,12,48,60
1430,2024-01-06,17:00,5,14,0,48,0,60
1431,2024-01-06,17:00,6,1,30,0,30,80
1432,2024-01-06,17:00,6,28,36,22,44,80
1433,2024-01-06,17:00,6,41,20,8,56,80
1434,2024-01-06,17:00,6,49,22,4,74,80
1435,2024-01-06,17:00,6,15,0,74,0,80
1436,2024-01-06,17:25,7,6,34,0,34,50
1437,2024-01-06,17:25,7,26,16,22,28,50
1438,2024-01-06,17:25,7,36,22,24,26,50
1439,2024-01-06,17:25,7,44,24,12,38,50
1440,2024-01-06,17:25,7,16,0,38,0,50
1441,2024-01-06,17:25,14,10,38,0,38,50
1442,2024-01-06,17:25,14,29,12,18,32,50
1443,2024-01-06,17:25,14,38,18,18,32,50
1444,2024-01-06,17:25,14,45,18,18,32,50
1445,2024-01-06,17:25,14,17,0,32,0,50
1446,2024-01-06,17:45,5,7,50,0,50,60
1447,2024-01-06,17:45,5,32,10,14,46,60
1448,2024-01-06,17:45,5,39,14,12,48,60
1449,2024-01-06,17:45,5,48,12,22,38,60
1450,2024-01-06,17:45,5,14,0,38,0,60
1451,2024-01-06,17:45,7,6,50,0,50,50
1452,2024-01-06,17:45,7,26,0,24,26,50
1453,2024-01-06,17:45,7,36,22,20,28,50
1454,2024-01-06,17:45,7,44,22,10,40,50
1455,2024-01-06,17:45,7,16,0,40,0,50
1456,2024-01-06,17:45,12,8,48,0,48,50
1457,2024-01-06,17:45,12,24,2,4,46,50
1458,2024-01-06,17:45,12,36,4,14,36,50
1459,2024-01-06,17:45,12,43,14,6,44,50
1460,2024-01-06,17:45,12,20,0,44,0,50
1461,2024-01-06,17:45,8,2,60,0,60,60
1462,2024-01-06,17:45,8,17,0,20,40,60
1463,2024-01-06,17:45,8,29,20,24,36,60
1464,2024-01-06,17:45,8,37,18,16,38,60
1465,2024-01-06,17:45,8,50,0,38,0,60
1466,2024-01-06,17:45,4,4,36,0,36,50
1467,2024-01-06,17:45,4,35,14,10,40,50
1468,2024-01-06,17:45,4,27,10,22,28,50
1469,2024-01-06,17:45,4,47,22,12,38,50
1470,2024-01-06,17:45,4,13,0,38,0,50
1471,2024-01-06,18:05,2,6,34,0,34,60
1472,2024-01-06,18:05,2,26,22,24,32,60
1473,2024-01-06,18:05,2,34,16,24,24,60
1474,2024-01-06,18:05,2,43,26,8,42,60
1475,2024-01-06,18:05,2,11,0,42,0,60
1476,2024-01-06,18:05,1,1,30,0,30,80
1477,2024-01-06,18:05,1,25,40,18,52,80
1478,2024-01-06,18:05,1,33,10,16,46,80
1479,2024-01-06,18:05,1,42,16,8,54,80
1480,2024-01-06,18:05,1,12,0,54,0,80
1481,2024-01-06,18:30,6,1,32,0,32,80
1482,2024-01-06,18:30,6,28,20,4,48,80
1483,2024-01-06,18:30,6,41,32,20,60,80
1484,2024-01-06,18:30,6,49,20,22,58,80
1485,2024-01-06,18:30,6,15,0,58,0,80
1486,2024-01-06,18:30,3,25,44,0,44,70
1487,2024-01-06,18:30,3,31,26,24,46,70
1488,2024-01-06,18:30,3,38,14,24,36,70
1489,2024-01-06,18:30,3,46,18,22,32,70
1490,2024-01-06,18:30,3,3,0,32,0,70
1491,2024-01-06,18:30,13,9,50,0,50,50
1492,2024-01-06,18:30,13,21,0,20,30,50
1493,2024-01-06,18:30,13,33,20,24,26,50
1494,2024-01-06,18:30,13,44,10,20,16,50
1495,2024-01-06,18:30,13,22,0,16,0,50
1496,2024-01-06,18:30,15,11,50,0,50,50
1497,2024-01-06,18:30,15,22,0,24,26,50
1498,2024-01-06,18:30,15,39,12,24,14,50
1499,2024-01-06,18:30,15,46,36,6,44,50
1500,2024-01-06,18:30,15,21,0,44,0,50
1501,2024-01-06,18:30,4,4,48,0,48,50
1502,2024-01-06,18:30,4,35,2,8,42,50
1503,2024-01-06,18:30,4,27,8,10,40,50
1504,2024-01-06,18:30,4,47,10,16,34,50
1505,2024-01-06,18:30,4,13,0,34,0,50
1506,2024-01-06,18:50,1,1,46,0,46,80
1507,2024-01-06,18:50,1,25,12,14,44,80
1508,2024-01-06,18:50,1,33,12,20,36,80
1509,2024-01-06,18:50,1,42,14,10,40,80
1510,2024-01-06,18:50,1,12,0,40,0,80
1511,2024-01-06,18:50,6,1,34,0,34,80
1512,2024-01-06,18:50,6,28,24,18,40,80
1513,2024-01-06,18:50,6,41,16,12,44,80
1514,2024-01-06,18:50,6,49,16,24,36,80
1515,2024-01-06,18:50,6,15,0,36,0,80
1516,2024-01-06,18:50,14,10,50,0,50,50
1517,2024-01-06,18:50,14,29,0,18,32,50
1518,2024-01-06,18:50,14,38,18,20,30,50
1519,2024-01-06,18:50,14,45,20,4,46,50
1520,2024-01-06,18:50,14,17,0,46,0,50
1521,2024-01-06,19:10,6,1,50,0,50,80
1522,2024-01-06,19:10,6,28,18,20,48,80
1523,2024-01-06,19:10,6,41,10,4,54,80
1524,2024-01-06,19:10,6,49,12,22,44,80
1525,2024-01-06,19:10,6,15,0,44,0,80
1526,2024-01-06,19:10,9,3,60,0,60,80
1527,2024-01-06,19:10,9,27,20,12,68,80
1528,2024-01-06,19:10,9,34,12,12,68,80
1529,2024-01-06,19:10,9,40,12,10,70,80
1530,2024-01-06,19:10,9,45,0,70,0,80
1531,2024-01-06,19:10,7,6,50,0,50,50
1532,2024-01-06,19:10,7,26,0,12,38,50
1533,2024-01-06,19:10,7,36,12,16,34,50
1534,2024-01-06,19:10,7,44,16,18,32,50
1535,2024-01-06,19:10,7,16,0,32,0,50
1536,2024-01-06,19:10,8,2,38,0,38,60
1537,2024-01-06,19:10,8,17,22,10,50,60
1538,2024-01-06,19:10,8,29,10,4,56,60
1539,2024-01-06,19:10,8,37,4,6,54,60
1540,2024-01-06,19:10,8,50,0,54,0,60
1541,2024-01-06,19:30,4,4,50,0,50,50
1542,2024-01-06,19:30,4,35,0,10,40,50
1543,2024-01-06,19:30,4,27,10,4,46,50
1544,2024-01-06,19:30,4,47,4,4,46,50
1545,2024-01-06,19:30,4,13,0,46,0,50
1546,2024-01-06,19:30,2,6,60,0,60,60
1547,2024-01-06,19:30,2,26,0,4,56,60
1548,2024-01-06,19:30,2,34,4,8,52,60
1549,2024-01-06,19:30,2,43,8,10,50,60
1550,2024-01-06,19:30,2,11,0,50,0,60
1551,2024-01-06,19:30,5,7,32,0,32,60
1552,2024-01-06,19:30,5,32,28,4,56,60
1553,2024-01-06,19:30,5,39,4,14,46,60
1554,2024-01-06,19:30,5,48,14,18,42,60
1555,2024-01-06,19:30,5,14,0,42,0,60
1556,2024-01-06,19:30,8,2,52,0,52,60
1557,2024-01-06,19:30,8,17,8,6,54,60
1558,2024-01-06,19:30,8,29,6,8,52,60
1559,2024-01-06,19:30,8,37,8,24,36,60
1560,2024-01-06,19:30,8,50,0,36,0,60
1561,2024-01-06,19:55,1,1,68,0,68,80
1562,2024-01-06,19:55,1,25,12,10,70,80
1563,2024-01-06,19:55,1,33,10,8,72,80
1564,2024-01-06,19:55,1,42,8,20,60,80
1565,2024-01-06,19:55,1,12,0,60,0,80
1566,2024-01-06,19:55,8,2,40,0,40,60
1567,2024-01-06,19:55,8,17,20,18,42,60
1568,2024-01-06,19:55,8,29,18,8,52,60
1569,2024-01-06,19:55,8,37,8,16,44,60
1570,2024-01-06,19:55,8,50,0,44,0,60
1571,2024-01-06,19:55,4,4,50,0,50,50
1572,2024-01-06,19:55,4,35,0,16,34,50
1573,2024-01-06,19:55,4,27,16,22,28,50
1574,2024-01-06,19:55,4,47,22,4,46,50
1575,2024-01-06,19:55,4,13,0,46,0,50
1576,2024-01-06,19:55,2,6,54,0,54,60
1577,2024-01-06,19:55,2,26,6,24,36,60
1578,2024-01-06,19:55,2,34,24,12,48,60
1579,2024-01-06,19:55,2,43,12,24,36,60
1580,2024-01-06,19:55,2,11,0,36,0,60
1581,2024-01-06,19:55,3,25,50,0,50,70
1582,2024-01-06,19:55,3,31,14,18,46,70
1583,2024-01-06,19:55,3,38,10,12,44,70
1584,2024-01-06,19:55,3,46,24,14,54,70
1585,2024-01-06,19:55,3,3,0,54,0,70
1586,2024-01-06,20:00,2,6,36,0,36,60
1587,2024-01-06,20:00,2,26,24,18,42,60
1588,2024-01-06,20:00,2,34,18,10,50,60
1589,2024-01-06,20:00,2,43,10,16,44,60
1590,2024-01-06,20:00,2,11,0,44,0,60
1591,2024-01-06,20:00,10,1,40,0,40,50
1592,2024-01-06,20:00,10,30,10,14,36,50
1593,2024-01-06,20:00,10,37,14,10,40,50
1594,2024-01-06,20:00,10,42,10,12,38,50
1595,2024-01-06,20:00,10,19,0,38,0,50
1596,2024-01-06,20:00,4,4,50,0,50,50
1597,2024-01-06,20:00,4,35,0,20,30,50
1598,2024-01-06,20:00,4,27,20,12,38,50
1599,2024-01-06,20:00,4,47,12,20,30,50
1600,2024-01-06,20:00,4,13,0,30,0,50
1601,2024-01-06,20:00,5,7,50,0,50,60
1602,2024-01-06,20:00,5,32,10,8,52,60
1603,2024-01-06,20:00,5,39,8,8,52,60
1604,2024-01-06,20:00,5,48,8,24,36,60
1605,2024-01-06,20:00,5,14,0,36,0,60
1606,2024-01-06,20:00,15,11,46,0,46,50
1607,2024-01-06,20:00,15,22,4,8,42,50
1608,2024-01-06,20:00,15,39,8,6,44,50
1609,2024-01-06,20:00,15,46,6,22,28,50
1610,2024-01-06,20:00,15,21,0,28,0,50
1611,2024-01-06,20:40,3,25,48,0,48,70
1612,2024-01-06,20:40,3,31,18,14,52,70
1613,2024-01-06,20:40,3,38,18,4,66,70
1614,2024-01-06,20:40,3,46,4,8,62,70
1615,2024-01-06,20:40,3,3,0,62,0,70
1616,2024-01-06,20:40,14,10,32,0,32,50
1617,2024-01-06,20:40,14,29,18,8,42,50
1618,2024-01-06,20:40,14,38,8,20,30,50
1619,2024-01-06,20:40,14,45,10,8,32,50
1620,2024-01-06,20:40,14,17,0,32,0,50
1621,2024-01-06,20:40,8,2,58,0,58,60
1622,2024-01-06,20:40,8,17,2,12,48,60
1623,2024-01-06,20:40,8,29,12,20,40,60
1624,2024-01-06,20:40,8,37,12,8,44,60
1625,2024-01-06,20:40,8,50,0,44,0,60
1626,2024-01-06,20:40,5,7,44,0,44,60
1627,2024-01-06,20:40,5,32,10,14,40,60
1628,2024-01-06,20:40,5,39,16,14,42,60
1629,2024-01-06,20:40,5,48,12,16,38,60
1630,2024-01-06,20:40,5,14,0,38,0,60
1631,2024-01-06,20:40,1,1,46,0,46,80
1632,2024-01-06,20:40,1,25,14,22,38,80
1633,2024-01-06,20:40,1,33,22,24,36,80
1634,2024-01-06,20:40,1,42,22,14,44,80
1635,2024-01-06,20:40,1,12,0,44,0,80
1636,2024-01-06,21:00,4,4,22,0,22,50
1637,2024-01-06,21:00,4,35,5,2,25,50
1638,2024-01-06,21:00,4,27,8,5,28,50
1639,2024-01-06,21:00,4,47,6,8,26,50
1640,2024-01-06,21:00,4,13,0,26,0,50
1641,2024-01-06,21:00,15,11,15,0,15,50
1642,2024-01-06,21:00,15,22,9,5,19,50
1643,2024-01-06,21:00,15,39,4,8,15,50
1644,2024-01-06,21:00,15,46,10,8,17,50
1645,2024-01-06,21:00,15,21,0,17,0,50
1646,2024-01-06,21:00,1,1,22,0,22,80
1647,2024-01-06,21:00,1,25,12,3,31,80
1648,2024-01-06,21:00,1,33,14,2,43,80
1649,2024-01-06,21:00,1,42,14,1,56,80
1650,2024-01-06,21:00,1,12,0,56,0,80
1651,2024-01-06,21:00,9,3,20,0,20,80
1652,2024-01-06,21:00,9,27,11,5,26,80
1653,2024-01-06,21:00,9,34,5,4,27,80
1654,2024-01-06,21:00,9,40,4,5,26,80
1655,2024-01-06,21:00,9,45,0,26,0,80
1656,2024-01-06,21:00,4,4,18,0,18,50
1657,2024-01-06,21:00,4,35,13,1,30,50
1658,2024-01-06,21:00,4,27,10,8,32,50
1659,2024-01-06,21:00,4,47,4,3,33,50
1660,2024-01-06,21:00,4,13,0,33,0,50
1661,2024-01-06,21:40,3,25,19,0,19,70
1662,2024-01-06,21:40,3,31,10,6,23,70
1663,2024-01-06,21:40,3,38,8,8,23,70
1664,2024-01-06,21:40,3,46,4,8,19,70
1665,2024-01-06,21:40,3,3,0,19,0,70
1666,2024-01-06,21:40,8,2,20,0,20,60
1667,2024-01-06,21:40,8,17,4,8,16,60
1668,2024-01-06,21:40,8,29,11,4,23,60
1669,2024-01-06,21:40,8,37,7,7,23,60
1670,2024-01-06,21:40,8,50,0,23,0,60
1671,2024-01-06,21:40,8,2,17,0,17,60
1672,2024-01-06,21:40,8,17,14,3,28,60
1673,2024-01-06,21:40,8,29,10,8,30,60
1674,2024-01-06,21:40,8,37,5,8,27,60
1675,2024-01-06,21:40,8,50,0,27,0,60
1676,2024-01-07,6:00,13,9,36,0,36,50
1677,2024-01-07,6:00,13,21,13,14,35,50
1678,2024-01-07,6:00,13,33,11,11,35,50
1679,2024-01-07,6:00,13,44,15,9,41,50
1680,2024-01-07,6:00,13,22,0,41,0,50
1681,2024-01-07,6:00,3,25,40,0,40,70
1682,2024-01-07,6:00,3,31,27,5,62,70
1683,2024-01-07,6:00,3,38,8,14,56,70
1684,2024-01-07,6:00,3,46,14,16,54,70
1685,2024-01-07,6:00,3,3,0,54,0,70
1686,2024-01-07,6:20,1,1,61,0,61,80
1687,2024-01-07,6:20,1,25,14,7,68,80
1688,2024-01-07,6:20,1,33,12,14,66,80
1689,2024-01-07,6:20,1,42,9,4,71,80
1690,2024-01-07,6:20,1,12,0,71,0,80
1691,2024-01-07,6:20,11,5,50,0,50,50
1692,2024-01-07,6:20,11,23,0,4,46,50
1693,2024-01-07,6:20,11,35,4,16,34,50
1694,2024-01-07,6:20,11,41,11,22,23,50
1695,2024-01-07,6:20,11,18,0,23,0,50
1696,2024-01-07,6:20,12,8,45,0,45,50
1697,2024-01-07,6:20,12,24,5,13,37,50
1698,2024-01-07,6:20,12,36,13,22,28,50
1699,2024-01-07,6:20,12,43,16,20,24,50
1700,2024-01-07,6:20,12,20,0,24,0,50
1701,2024-01-07,6:40,7,6,50,0,50,50
1702,2024-01-07,6:40,7,26,0,7,43,50
1703,2024-01-07,6:40,7,36,7,14,36,50
1704,2024-01-07,6:40,7,44,14,22,28,50
1705,2024-01-07,6:40,7,16,0,28,0,50
1706,2024-01-07,6:40,12,8,45,0,45,50
1707,2024-01-07,6:40,12,24,5,18,32,50
1708,2024-01-07,6:40,12,36,18,5,45,50
1709,2024-01-07,6:40,12,43,5,22,28,50
1710,2024-01-07,6:40,12,20,0,28,0,50
1711,2024-01-07,6:40,7,6,29,0,29,50
1712,2024-01-07,6:40,7,26,14,16,27,50
1713,2024-01-07,6:40,7,36,23,20,30,50
1714,2024-01-07,6:40,7,44,20,16,34,50
1715,2024-01-07,6:40,7,16,0,34,0,50
1716,2024-01-07,6:40,13,9,50,0,50,50
1717,2024-01-07,6:40,13,21,0,13,37,50
1718,2024-01-07,6:40,13,33,13,13,37,50
1719,2024-01-07,6:40,13,44,13,7,43,50
1720,2024-01-07,6:40,13,22,0,43,0,50
1721,2024-01-07,7:00,4,4,29,0,29,50
1722,2024-01-07,7:00,4,35,18,14,33,50
1723,2024-01-07,7:00,4,27,17,13,37,50
1724,2024-01-07,7:00,4,47,11,14,34,50
1725,2024-01-07,7:00,4,13,0,34,0,50
1726,2024-01-07,7:00,4,4,45,0,45,50
1727,2024-01-07,7:00,4,35,5,9,41,50
1728,2024-01-07,7:00,4,27,9,20,30,50
1729,2024-01-07,7:00,4,47,16,14,32,50
1730,2024-01-07,7:00,4,13,0,32,0,50
1731,2024-01-07,7:00,6,1,58,0,58,80
1732,2024-01-07,7:00,6,28,20,14,64,80
1733,2024-01-07,7:00,6,41,16,4,76,80
1734,2024-01-07,7:00,6,49,4,9,71,80
1735,2024-01-07,7:00,6,15,0,71,0,80
1736,2024-01-07,7:20,6,1,50,0,50,80
1737,2024-01-07,7:20,6,28,14,13,51,80
1738,2024-01-07,7:20,6,41,11,11,51,80
1739,2024-01-07,7:20,6,49,13,13,51,80
1740,2024-01-07,7:20,6,15,0,51,0,80
1741,2024-01-07,7:20,1,1,43,0,43,80
1742,2024-01-07,7:20,1,25,29,18,54,80
1743,2024-01-07,7:20,1,33,26,16,64,80
1744,2024-01-07,7:20,1,42,9,22,51,80
1745,2024-01-07,7:20,1,12,0,51,0,80
1746,2024-01-07,7:20,9,3,41,0,41,80
1747,2024-01-07,7:20,9,27,27,16,52,80
1748,2024-01-07,7:20,9,34,28,11,69,80
1749,2024-01-07,7:20,9,40,11,18,62,80
1750,2024-01-07,7:20,9,45,0,62,0,80
1751,2024-01-07,7:20,2,6,36,0,36,60
1752,2024-01-07,7:20,2,26,9,18,27,60
1753,2024-01-07,7:20,2,34,25,16,36,60
1754,2024-01-07,7:20,2,43,20,22,34,60
1755,2024-01-07,7:20,2,11,0,34,0,60
1756,2024-01-07,7:40,6,1,29,0,29,80
1757,2024-01-07,7:40,6,28,27,20,36,80
1758,2024-01-07,7:40,6,41,34,9,61,80
1759,2024-01-07,7:40,6,49,19,13,67,80
1760,2024-01-07,7:40,6,15,0,67,0,80
1761,2024-01-07,7:40,10,1,45,0,45,50
1762,2024-01-07,7:40,10,30,5,18,32,50
1763,2024-01-07,7:40,10,37,18,5,45,50
1764,2024-01-07,7:40,10,42,5,11,39,50
1765,2024-01-07,7:40,10,19,0,39,0,50
1766,2024-01-07,8:00,10,1,50,0,50,50
1767,2024-01-07,8:00,10,30,0,22,28,50
1768,2024-01-07,8:00,10,37,22,5,45,50
1769,2024-01-07,8:00,10,42,5,4,46,50
1770,2024-01-07,8:00,10,19,0,46,0,50
1771,2024-01-07,8:00,3,25,27,0,27,70
1772,2024-01-07,8:00,3,31,20,18,29,70
1773,2024-01-07,8:00,3,38,25,4,50,70
1774,2024-01-07,8:00,3,46,20,4,66,70
1775,2024-01-07,8:00,3,3,0,66,0,70
1776,2024-01-07,8:00,3,25,34,0,34,70
1777,2024-01-07,8:00,3,31,34,14,54,70
1778,2024-01-07,8:00,3,38,16,16,54,70
1779,2024-01-07,8:00,3,46,16,7,63,70
1780,2024-01-07,8:00,3,3,0,63,0,70
1781,2024-01-07,8:20,2,6,36,0,36,60
1782,2024-01-07,8:20,2,26,24,4,56,60
1783,2024-01-07,8:20,2,34,4,22,38,60
1784,2024-01-07,8:20,2,43,9,16,31,60
1785,2024-01-07,8:20,2,11,0,31,0,60
1786,2024-01-07,8:20,8,2,60,0,60,60
1787,2024-01-07,8:20,8,17,0,14,46,60
1788,2024-01-07,8:20,8,29,9,5,50,60
1789,2024-01-07,8:20,8,37,10,22,38,60
1790,2024-01-07,8:20,8,50,0,38,0,60
1791,2024-01-07,8:20,14,10,50,0,50,50
1792,2024-01-07,8:20,14,29,0,22,28,50
1793,2024-01-07,8:20,14,38,22,16,34,50
1794,2024-01-07,8:20,14,45,14,7,41,50
1795,2024-01-07,8:20,14,17,0,41,0,50
1796,2024-01-07,8:20,5,7,52,0,52,60
1797,2024-01-07,8:20,5,32,8,7,53,60
1798,2024-01-07,8:20,5,39,7,13,47,60
1799,2024-01-07,8:20,5,48,11,7,51,60
1800,2024-01-07,8:20,5,14,0,51,0,60
1801,2024-01-07,8:40,9,3,63,0,63,80
1802,2024-01-07,8:40,9,27,13,13,63,80
1803,2024-01-07,8:40,9,34,17,7,73,80
1804,2024-01-07,8:40,9,40,7,5,75,80
1805,2024-01-07,8:40,9,45,0,75,0,80
1806,2024-01-07,8:40,11,5,40,0,40,50
1807,2024-01-07,8:40,11,23,10,18,32,50
1808,2024-01-07,8:40,11,35,18,13,37,50
1809,2024-01-07,8:40,11,41,13,20,30,50
1810,2024-01-07,8:40,11,18,0,30,0,50
1811,2024-01-07,8:40,8,2,34,0,34,60
1812,2024-01-07,8:40,8,17,9,14,29,60
1813,2024-01-07,8:40,8,29,31,18,42,60
1814,2024-01-07,8:40,8,37,18,7,53,60
1815,2024-01-07,8:40,8,50,0,53,0,60
1816,2024-01-07,8:40,9,3,45,0,45,80
1817,2024-01-07,8:40,9,27,11,16,40,80
1818,2024-01-07,8:40,9,34,9,18,31,80
1819,2024-01-07,8:40,9,40,13,5,39,80
1820,2024-01-07,8:40,9,45,0,39,0,80
1821,2024-01-07,8:40,13,9,49,0,49,50
1822,2024-01-07,8:40,13,21,1,4,46,50
1823,2024-01-07,8:40,13,33,4,7,43,50
1824,2024-01-07,8:40,13,44,7,5,45,50
1825,2024-01-07,8:40,13,22,0,45,0,50
1826,2024-01-07,9:00,4,4,50,0,50,50
1827,2024-01-07,9:00,4,35,0,5,45,50
1828,2024-01-07,9:00,4,27,5,18,32,50
1829,2024-01-07,9:00,4,47,18,22,28,50
1830,2024-01-07,9:00,4,13,0,28,0,50
1831,2024-01-07,9:00,6,1,45,0,45,80
1832,2024-01-07,9:00,6,28,29,9,65,80
1833,2024-01-07,9:00,6,41,15,22,58,80
1834,2024-01-07,9:00,6,49,22,13,67,80
1835,2024-01-07,9:00,6,15,0,67,0,80
1836,2024-01-07,9:00,11,5,41,0,41,50
1837,2024-01-07,9:00,11,23,9,16,34,50
1838,2024-01-07,9:00,11,35,16,13,37,50
1839,2024-01-07,9:00,11,41,13,18,32,50
1840,2024-01-07,9:00,11,18,0,32,0,50
1841,2024-01-07,9:00,15,11,50,0,50,50
1842,2024-01-07,9:00,15,22,0,13,37,50
1843,2024-01-07,9:00,15,39,13,14,36,50
1844,2024-01-07,9:00,15,46,14,4,46,50
1845,2024-01-07,9:00,15,21,0,46,0,50
1846,2024-01-07,9:40,15,11,50,0,50,50
1847,2024-01-07,9:40,15,22,0,4,46,50
1848,2024-01-07,9:40,15,39,4,16,34,50
1849,2024-01-07,9:40,15,46,16,13,37,50
1850,2024-01-07,9:40,15,21,0,37,0,50
1851,2024-01-07,9:40,3,25,61,0,61,70
1852,2024-01-07,9:40,3,31,9,7,63,70
1853,2024-01-07,9:40,3,38,7,11,59,70
1854,2024-01-07,9:40,3,46,11,18,52,70
1855,2024-01-07,9:40,3,3,0,52,0,70
1856,2024-01-07,9:40,9,3,36,0,36,80
1857,2024-01-07,9:40,9,27,36,14,58,80
1858,2024-01-07,9:40,9,34,22,11,69,80
1859,2024-01-07,9:40,9,40,11,16,64,80
1860,2024-01-07,9:40,9,45,0,64,0,80
1861,2024-01-07,9:40,11,5,49,0,49,50
1862,2024-01-07,9:40,11,23,1,4,46,50
1863,2024-01-07,9:40,11,35,4,22,28,50
1864,2024-01-07,9:40,11,41,22,20,30,50
1865,2024-01-07,9:40,11,18,0,30,0,50
1866,2024-01-07,10:15,2,6,23,0,23,60
1867,2024-01-07,10:15,2,26,11,8,26,60
1868,2024-01-07,10:15,2,34,13,8,31,60
1869,2024-01-07,10:15,2,43,6,7,30,60
1870,2024-01-07,10:15,2,11,0,30,0,60
1871,2024-01-07,10:15,8,2,16,0,16,60
1872,2024-01-07,10:15,8,17,11,2,25,60
1873,2024-01-07,10:15,8,29,13,7,31,60
1874,2024-01-07,10:15,8,37,6,12,25,60
1875,2024-01-07,10:15,8,50,0,25,0,60
1876,2024-01-07,10:15,5,7,18,0,18,60
1877,2024-01-07,10:15,5,32,14,11,21,60
1878,2024-01-07,10:15,5,39,17,6,32,60
1879,2024-01-07,10:15,5,48,8,8,32,60
1880,2024-01-07,10:15,5,14,0,32,0,60
1881,2024-01-07,10:15,12,8,15,0,15,50
1882,2024-01-07,10:15,12,24,9,6,18,50
1883,2024-01-07,10:15,12,36,15,7,26,50
1884,2024-01-07,10:15,12,43,17,9,34,50
1885,2024-01-07,10:15,12,20,0,34,0,50
1886,2024-01-07,10:45,13,9,29,0,29,50
1887,2024-01-07,10:45,13,21,12,2,39,50
1888,2024-01-07,10:45,13,33,8,2,45,50
1889,2024-01-07,10:45,13,44,5,9,41,50
1890,2024-01-07,10:45,13,22,0,41,0,50
1891,2024-01-07,10:45,12,8,27,0,27,50
1892,2024-01-07,10:45,12,24,7,2,32,50
1893,2024-01-07,10:45,12,36,18,4,46,50
1894,2024-01-07,10:45,12,43,4,9,41,50
1895,2024-01-07,10:45,12,20,0,41,0,50
1896,2024-01-07,10:45,2,6,32,0,32,60
1897,2024-01-07,10:45,2,26,18,6,44,60
1898,2024-01-07,10:45,2,34,9,6,47,60
1899,2024-01-07,10:45,2,43,8,12,43,60
1900,2024-01-07,10:45,2,11,0,43,0,60
1901,2024-01-07,10:45,2,6,19,0,19,60
1902,2024-01-07,10:45,2,26,16,5,30,60
1903,2024-01-07,10:45,2,34,18,4,44,60
1904,2024-01-07,10:45,2,43,6,11,39,60
1905,2024-01-07,10:45,2,11,0,39,0,60
1906,2024-01-07,10:45,2,6,33,0,33,60
1907,2024-01-07,10:45,2,26,18,7,44,60
1908,2024-01-07,10:45,2,34,7,3,48,60
1909,2024-01-07,10:45,2,43,12,10,50,60
1910,2024-01-07,10:45,2,11,0,50,0,60
1911,2024-01-07,11:30,5,7,24,0,24,60
1912,2024-01-07,11:30,5,32,14,6,32,60
1913,2024-01-07,11:30,5,39,20,12,40,60
1914,2024-01-07,11:30,5,48,5,12,33,60
1915,2024-01-07,11:30,5,14,0,33,0,60
1916,2024-01-07,11:30,11,5,27,0,27,50
1917,2024-01-07,11:30,11,23,8,8,27,50
1918,2024-01-07,11:30,11,35,7,5,29,50
1919,2024-01-07,11:30,11,41,11,2,38,50
1920,2024-01-07,11:30,11,18,0,38,0,50
1921,2024-01-07,11:30,1,1,18,0,18,80
1922,2024-01-07,11:30,1,25,16,5,29,80
1923,2024-01-07,11:30,1,33,5,12,22,80
1924,2024-01-07,11:30,1,42,7,2,27,80
1925,2024-01-07,11:30,1,12,0,27,0,80
1926,2024-01-07,12:15,4,4,33,0,33,50
1927,2024-01-07,12:15,4,35,8,4,37,50
1928,2024-01-07,12:15,4,27,13,6,44,50
1929,2024-01-07,12:15,4,47,6,9,41,50
1930,2024-01-07,12:15,4,13,0,41,0,50
1931,2024-01-07,12:15,1,1,23,0,23,80
1932,2024-01-07,12:15,1,25,10,4,29,80
1933,2024-01-07,12:15,1,33,19,7,41,80
1934,2024-01-07,12:15,1,42,5,8,38,80
1935,2024-01-07,12:15,1,12,0,38,0,80
1936,2024-01-07,12:15,10,1,18,0,18,50
1937,2024-01-07,12:15,10,30,10,11,17,50
1938,2024-01-07,12:15,10,37,17,11,23,50
1939,2024-01-07,12:15,10,42,10,10,23,50
1940,2024-01-07,12:15,10,19,0,23,0,50
1941,2024-01-07,12:15,6,1,22,0,22,80
1942,2024-01-07,12:15,6,28,20,5,37,80
1943,2024-01-07,12:15,6,41,17,3,51,80
1944,2024-01-07,12:15,6,49,20,4,67,80
1945,2024-01-07,12:15,6,15,0,67,0,80
1946,2024-01-07,12:55,4,4,27,0,27,50
1947,2024-01-07,12:55,4,35,17,12,32,50
1948,2024-01-07,12:55,4,27,14,4,42,50
1949,2024-01-07,12:55,4,47,7,3,46,50
1950,2024-01-07,12:55,4,13,0,46,0,50
1951,2024-01-07,12:55,3,25,19,0,19,70
1952,2024-01-07,12:55,3,31,8,10,17,70
1953,2024-01-07,12:55,3,38,19,9,27,70
1954,2024-01-07,12:55,3,46,16,11,32,70
1955,2024-01-07,12:55,3,3,0,32,0,70
1956,2024-01-07,12:55,14,10,16,0,16,50
1957,2024-01-07,12:55,14,29,16,12,20,50
1958,2024-01-07,12:55,14,38,19,3,36,50
1959,2024-01-07,12:55,14,45,14,11,39,50
1960,2024-01-07,12:55,14,17,0,39,0,50
1961,2024-01-07,12:55,11,5,24,0,24,50
1962,2024-01-07,12:55,11,23,19,9,34,50
1963,2024-01-07,12:55,11,35,9,6,37,50
1964,2024-01-07,12:55,11,41,5,7,35,50
1965,2024-01-07,12:55,11,18,0,35,0,50
1966,2024-01-07,13:35,13,9,34,0,34,50
1967,2024-01-07,13:35,13,21,9,4,39,50
1968,2024-01-07,13:35,13,33,11,7,43,50
1969,2024-01-07,13:35,13,44,7,4,46,50
1970,2024-01-07,13:35,13,22,0,46,0,50
1971,2024-01-07,13:35,6,1,33,0,33,80
1972,2024-01-07,13:35,6,28,12,3,42,80
1973,2024-01-07,13:35,6,41,19,3,58,80
1974,2024-01-07,13:35,6,49,8,7,59,80
1975,2024-01-07,13:35,6,15,0,59,0,80
1976,2024-01-07,13:35,2,6,18,0,18,60
1977,2024-01-07,13:35,2,26,6,2,22,60
1978,2024-01-07,13:35,2,34,18,11,29,60
1979,2024-01-07,13:35,2,43,5,4,30,60
1980,2024-01-07,13:35,2,11,0,30,0,60
1981,2024-01-07,13:35,1,1,33,0,33,80
1982,2024-01-07,13:35,1,25,8,3,38,80
1983,2024-01-07,13:35,1,33,11,10,39,80
1984,2024-01-07,13:35,1,42,8,5,42,80
1985,2024-01-07,13:35,1,12,0,42,0,80
1986,2024-01-07,14:15,3,25,29,0,29,70
1987,2024-01-07,14:15,3,31,14,8,35,70
1988,2024-01-07,14:15,3,38,12,8,39,70
1989,2024-01-07,14:15,3,46,17,12,44,70
1990,2024-01-07,14:15,3,3,0,44,0,70
1991,2024-01-07,14:15,1,1,20,0,20,80
1992,2024-01-07,14:15,1,25,8,4,24,80
1993,2024-01-07,14:15,1,33,17,9,32,80
1994,2024-01-07,14:15,1,42,11,2,41,80
1995,2024-01-07,14:15,1,12,0,41,0,80
1996,2024-01-07,14:15,9,3,32,0,32,80
1997,2024-01-07,14:15,9,27,8,2,38,80
1998,2024-01-07,14:15,9,34,17,9,46,80
1999,2024-01-07,14:15,9,40,5,8,43,80
2000,2024-01-07,14:15,9,45,0,43,0,80
2001,2024-01-07,14:15,3,25,32,0,32,70
2002,2024-01-07,14:15,3,31,5,2,35,70
2003,2024-01-07,14:15,3,38,6,12,29,70
2004,2024-01-07,14:15,3,46,10,9,30,70
2005,2024-01-07,14:15,3,3,0,30,0,70
2006,2024-01-07,14:15,15,11,19,0,19,50
2007,2024-01-07,14:15,15,22,17,5,31,50
2008,2024-01-07,14:15,15,39,7,9,29,50
2009,2024-01-07,14:15,15,46,16,5,40,50
2010,2024-01-07,14:15,15,21,0,40,0,50
2011,2024-01-07,15:00,4,4,30,0,30,50
2012,2024-01-07,15:00,4,35,5,6,29,50
2013,2024-01-07,15:00,4,27,12,7,34,50
2014,2024-01-07,15:00,4,47,16,12,38,50
2015,2024-01-07,15:00,4,13,0,38,0,50
2016,2024-01-07,15:00,7,6,29,0,29,50
2017,2024-01-07,15:00,7,26,19,6,42,50
2018,2024-01-07,15:00,7,36,8,12,38,50
2019,2024-01-07,15:00,7,44,12,8,42,50
2020,2024-01-07,15:00,7,16,0,42,0,50
2021,2024-01-07,15:00,8,2,26,0,26,60
2022,2024-01-07,15:00,8,17,17,10,33,60
2023,2024-01-07,15:00,8,29,5,12,26,60
2024,2024-01-07,15:00,8,37,12,6,32,60
2025,2024-01-07,15:00,8,50,0,32,0,60
2026,2024-01-07,15:00,11,5,19,0,19,50
2027,2024-01-07,15:00,11,23,14,5,28,50
2028,2024-01-07,15:00,11,35,10,2,36,50
2029,2024-01-07,15:00,11,41,5,12,29,50
2030,2024-01-07,15:00,11,18,0,29,0,50
2031,2024-01-07,15:40,15,11,15,0,15,50
2032,2024-01-07,15:40,15,22,20,9,26,50
2033,2024-01-07,15:40,15,39,10,2,34,50
2034,2024-01-07,15:40,15,46,10,8,36,50
2035,2024-01-07,15:40,15,21,0,36,0,50
2036,2024-01-07,15:40,14,10,22,0,22,50
2037,2024-01-07,15:40,14,29,7,2,27,50
2038,2024-01-07,15:40,14,38,8,5,30,50
2039,2024-01-07,15:40,14,45,5,12,23,50
2040,2024-01-07,15:40,14,17,0,23,0,50
2041,2024-01-07,16:25,7,6,33,0,33,50
2042,2024-01-07,16:25,7,26,14,4,43,50
2043,2024-01-07,16:25,7,36,7,4,46,50
2044,2024-01-07,16:25,7,44,4,2,48,50
2045,2024-01-07,16:25,7,16,0,48,0,50
2046,2024-01-07,16:25,9,3,25,0,25,80
2047,2024-01-07,16:25,9,27,9,11,23,80
2048,2024-01-07,16:25,9,34,16,3,36,80
2049,2024-01-07,16:25,9,40,18,4,50,80
2050,2024-01-07,16:25,9,45,0,50,0,80
2051,2024-01-07,16:25,10,1,20,0,20,50
2052,2024-01-07,16:25,10,30,19,2,37,50
2053,2024-01-07,16:25,10,37,13,10,40,50
2054,2024-01-07,16:25,10,42,10,12,38,50
2055,2024-01-07,16:25,10,19,0,38,0,50
2056,2024-01-07,16:25,2,6,24,0,24,60
2057,2024-01-07,16:25,2,26,7,3,28,60
2058,2024-01-07,16:25,2,34,8,12,24,60
2059,2024-01-07,16:25,2,43,8,7,25,60
2060,2024-01-07,16:25,2,11,0,25,0,60
2061,2024-01-07,17:00,10,1,50,0,50,50
2062,2024-01-07,17:00,10,30,0,10,40,50
2063,2024-01-07,17:00,10,37,10,10,40,50
2064,2024-01-07,17:00,10,42,10,20,30,50
2065,2024-01-07,17:00,10,19,0,30,0,50
2066,2024-01-07,17:00,6,1,54,0,54,80
2067,2024-01-07,17:00,6,28,14,24,44,80
2068,2024-01-07,17:00,6,41,18,20,42,80
2069,2024-01-07,17:00,6,49,28,10,60,80
2070,2024-01-07,17:00,6,15,0,60,0,80
2071,2024-01-07,17:00,12,8,40,0,40,50
2072,2024-01-07,17:00,12,24,10,4,46,50
2073,2024-01-07,17:00,12,36,4,12,38,50
2074,2024-01-07,17:00,12,43,12,14,36,50
2075,2024-01-07,17:00,12,20,0,36,0,50
2076,2024-01-07,17:25,11,5,34,0,34,50
2077,2024-01-07,17:25,11,23,16,4,46,50
2078,2024-01-07,17:25,11,35,4,18,32,50
2079,2024-01-07,17:25,11,41,18,24,26,50
2080,2024-01-07,17:25,11,18,0,26,0,50
2081,2024-01-07,17:25,8,2,52,0,52,60
2082,2024-01-07,17:25,8,17,8,12,48,60
2083,2024-01-07,17:25,8,29,12,8,52,60
2084,2024-01-07,17:25,8,37,8,6,54,60
2085,2024-01-07,17:25,8,50,0,54,0,60
2086,2024-01-07,17:25,14,10,50,0,50,50
2087,2024-01-07,17:25,14,29,0,22,28,50
2088,2024-01-07,17:25,14,38,22,18,32,50
2089,2024-01-07,17:25,14,45,16,4,44,50
2090,2024-01-07,17:25,14,17,0,44,0,50
